Official Uber Rideshare Markets and Their Cities (U.S.)

Below is a comprehensive guide to Uber’s rideshare driver markets in the United States, organized by state. Each state’s section lists the Uber market name (which corresponds to Uber’s defined service area for drivers in that region
ridester.com
) followed by the cities grouped under that market. These groupings are based on Uber’s official city listings and coverage areas on their website (excluding any Uber Eats-only localities). For example, the Dallas market includes numerous suburbs such as Addison, Plano, Irving, and others that are part of the Dallas–Fort Worth metroplex
uber.com
uber.com
. Each city is only listed under its primary Uber market/service area.

Alabama

Auburn: Auburn (includes Opelika)

Birmingham: Birmingham, Hoover, Mountain Brook, Vestavia Hills, Bessemer, Alabaster, Homewood, Center Point, etc.
uber.com

Dothan: Dothan, Enterprise, Ozark

East Alabama: Anniston, Gadsden, Oxford, Jacksonville, Weaver, Glencoe, Southside, Rainbow City, Attalla, Heflin, etc.
uber.com

Huntsville: Huntsville, Madison, Decatur, Athens, Hartselle, Meridianville

Mobile: Mobile, Prichard, Daphne, Fairhope, Gulf Shores

Montgomery: Montgomery, Prattville, Millbrook, Wetumpka

South Alabama: Brewton, Evergreen, Andalusia, Greenville, Monroeville, Selma

The Shoals: Florence, Muscle Shoals, Sheffield, Tuscumbia, Russellville, Killen, Rogersville
uber.com

Tuscaloosa: Tuscaloosa, Northport, Aliceville, Fayette

Alaska

Anchorage: Anchorage (metro area)

Fairbanks: Fairbanks (metro area)

Juneau: Juneau (metro area)

Arizona

Flagstaff: Flagstaff (and surrounding areas)

Phoenix: Phoenix, Mesa, Chandler, Gilbert, Glendale, Scottsdale, Tempe, Peoria, Surprise, Avondale, Goodyear, Buckeye, Apache Junction, etc.
ridester.com

Tucson: Tucson, Oro Valley, Marana, Sahuarita

Western Arizona: Lake Havasu City, Kingman, Bullhead City (Western AZ region)
ridester.com

Yuma: Yuma, Somerton, San Luis

Arkansas

Fayetteville (Northwest Arkansas): Fayetteville, Springdale, Bentonville, Rogers, Bella Vista, etc.

Jonesboro: Jonesboro and surrounding communities

Little Rock: Little Rock, North Little Rock, Conway, Benton, Sherwood, Jacksonville

Southern Arkansas: Fort Smith, Hot Springs, El Dorado, Texarkana (AR side), and nearby towns
ridester.com

California

Bakersfield: Bakersfield, Delano, Wasco

Fresno: Fresno, Clovis, Madera

Inland Empire: Riverside, San Bernardino, Ontario, Fontana, Moreno Valley, Victorville (Inland Empire area)
ridester.com

Los Angeles: Los Angeles, Long Beach, Anaheim, Santa Monica, Irvine, Burbank, Pasadena, Glendale, Inglewood, Pomona, Torrance (greater LA/Orange County area)
ridester.com

Modesto: Modesto, Stockton, Tracy

Orange County: Included in Los Angeles market (see above)
ridester.com

Palm Springs: Palm Springs, Palm Desert, Indio, Coachella

Sacramento: Sacramento, Roseville, Elk Grove, Folsom, Davis

San Diego: San Diego, Chula Vista, Carlsbad, Escondido

San Francisco Bay Area: San Francisco, Oakland, San Jose, Berkeley, Fremont, Sunnyvale, Palo Alto (Bay Area region)
ridester.com

San Luis Obispo: San Luis Obispo, Paso Robles

Santa Barbara: Santa Barbara, Santa Maria, Lompoc

Ventura: Ventura, Oxnard, Thousand Oaks

Colorado

Colorado Springs: Colorado Springs, Pueblo, Fountain

Denver: Denver, Aurora, Lakewood, Boulder, Arvada, Thornton (Denver metro)

Fort Collins: Fort Collins, Greeley, Loveland

Rockies: Aspen, Vail, Breckenridge, Telluride (Mountain resorts region)
ridester.com

Connecticut

Connecticut (statewide): All cities in Connecticut are covered under one statewide market (e.g. Bridgeport, New Haven, Hartford, Stamford, Waterbury, etc.)
ridester.com

Delaware

Delaware (statewide): Wilmington, Dover, Newark, Rehoboth Beach, etc. (entire state covered)
ridester.com

Florida

Central Atlantic Coast: Daytona Beach, Palm Coast, Titusville (Central Atlantic coast region)
ridester.com

Florida Keys: Key West, Marathon, Key Largo (Florida Keys region)
ridester.com

Fort Myers-Naples: Fort Myers, Naples, Cape Coral, Bonita Springs

Gainesville: Gainesville (and surrounding towns)

Jacksonville: Jacksonville, St. Augustine, Orange Park, Fernandina Beach

Miami: Miami, Fort Lauderdale, West Palm Beach, Boca Raton (South Florida metro)

Ocala: Ocala and nearby communities (Marion County)

Orlando: Orlando, Kissimmee, Sanford, Winter Park, Altamonte Springs

Pensacola: Pensacola, Destin, Fort Walton Beach

Sarasota: Sarasota, Bradenton, Venice, North Port

Tallahassee: Tallahassee (metro area)

Tampa Bay: Tampa, St. Petersburg, Clearwater, Lakeland, Brandon
ridester.com

Georgia

Athens: Athens (Clarke County area)

Atlanta: Atlanta, Marietta, Decatur, Sandy Springs, Roswell, Alpharetta (metro Atlanta)

Augusta: Augusta (including North Augusta, SC)

Coastal Georgia: Savannah, Brunswick, Hinesville, Waycross (Coastal GA region)
ridester.com

Columbus: Columbus (GA) and Phenix City (AL) area

Macon: Macon, Warner Robins

North Georgia: Dalton, Gainesville, Helen, Rome (North GA region)
ridester.com

Savannah-Hilton Head: Savannah GA and Hilton Head SC area
ridester.com

South Georgia: Albany, Valdosta, Tifton, Thomasville (South GA region)
ridester.com

Hawaii

Big Island: Hilo, Kona (coverage across Hawaii (Big) Island)

Honolulu: Honolulu (Oahu island, includes Waikiki, Pearl City, etc.)

Kauai: Lihue (Kauai island)

Maui: Kahului, Lahaina (Maui island)

Idaho

Boise: Boise, Nampa, Meridian, Caldwell

Coeur d’Alene: Coeur d’Alene, Post Falls (North Idaho)

Eastern Idaho: Idaho Falls, Pocatello, Rexburg (Eastern ID region)
ridester.com

Illinois

Carbondale: Carbondale (Southern IL area)

Champaign: Champaign-Urbana

Chicago: Chicago, Aurora, Naperville, Joliet, Elgin, Waukegan (Chicagoland area)

Peoria: Peoria, Bloomington, Normal

Quad Cities: Moline and Rock Island (IL) – Quad Cities region
ridester.com

Rockford: Rockford (Northern IL)

Springfield: Springfield, Decatur

Indiana

Bloomington: Bloomington (and surrounding)

Evansville: Evansville (Southern IN)

Fort Wayne: Fort Wayne (Northeast IN)

Indianapolis: Indianapolis, Carmel, Fishers, Greenwood (Indy metro)

NW Indiana: Gary, Hammond, Valparaiso (Chicago suburbs in IN)
ridester.com

South Bend: South Bend, Mishawaka, Elkhart

Terre Haute: Terre Haute (W. Indiana)

West Lafayette: Lafayette/West Lafayette

Iowa

Ames: Ames (central IA)

Cedar Rapids: Cedar Rapids, Marion, Hiawatha

Des Moines: Des Moines, West Des Moines, Ankeny, Urbandale

Dubuque: Dubuque (eastern IA)

Iowa City: Iowa City, Coralville

Quad Cities: Davenport, Bettendorf (Quad Cities IA side)
ridester.com

Sioux City: Sioux City (western IA)

Waterloo-Cedar Falls: Waterloo, Cedar Falls

Kansas

Kansas City: Kansas City (KS side), Overland Park, Olathe, Lawrence (KC metro in KS)

Lawrence: Included under Kansas City metro

Manhattan: Manhattan (KS)

Topeka: Topeka

Wichita: Wichita, Hutchinson, Derby

Kentucky

Bowling Green: Bowling Green

Lexington: Lexington (and surrounding)

Louisville: Louisville, Jeffersonville/New Albany (southern IN)
ridester.com

Louisiana

Baton Rouge: Baton Rouge, Denham Springs

Lafayette-Lake Charles: Lafayette, Lake Charles, Opelousas, New Iberia
ridester.com

Monroe: Monroe, Ruston

New Orleans: New Orleans, Metairie, Kenner, Slidell (Greater N.O.)

Shreveport-Alexandria: Shreveport, Bossier City, Alexandria, Natchitoches
ridester.com

Maine

Greater Maine: Statewide coverage beyond Portland (includes Augusta, Bangor, Lewiston)
ridester.com

Portland: Portland, South Portland, Brunswick

Maryland

Baltimore: Baltimore, Columbia, Towson, Glen Burnie

Eastern Shore: Salisbury, Ocean City, Easton, Kent Island (MD Eastern Shore)
ridester.com

Massachusetts

Boston: Boston, Cambridge, Worcester (Boston metro and Central MA)

Western Massachusetts: Springfield, Pittsfield, Amherst (Western MA region)
ridester.com

Worcester: Included under Boston/Central MA (often grouped with Boston or listed separately)

Michigan

Ann Arbor: Ann Arbor, Ypsilanti

Detroit: Detroit, Warren, Dearborn, Southfield (Metro Detroit)

Flint: Flint

Grand Rapids: Grand Rapids, Holland, Muskegon

Kalamazoo: Kalamazoo, Battle Creek

Lansing: Lansing, East Lansing

Traverse City: Traverse City (Northern MI)

Tri-Cities: Saginaw, Bay City, Midland
ridester.com

Minnesota

Duluth: Duluth (and Superior, WI)

Mankato: Mankato

Minneapolis-St. Paul: Minneapolis, Saint Paul, Bloomington, Brooklyn Park (Twin Cities metro)

Rochester: Rochester

St. Cloud: St. Cloud

Mississippi

Golden Triangle: Columbus, Starkville, West Point (Golden Triangle area)
ridester.com

Gulfport-Biloxi: Gulfport, Biloxi, Pascagoula (MS Gulf Coast)

Hattiesburg: Hattiesburg

Jackson: Jackson, Pearl, Madison, Ridgeland (Jackson metro)

Meridian: Meridian

Mississippi Delta: Greenville, Greenwood, Cleveland (Delta region)

Oxford: Oxford

Missouri

Columbia: Columbia

Kansas City: Kansas City (MO side), Independence, Lee’s Summit, Blue Springs (KC metro)

Northern Missouri: St. Joseph, Moberly, Kirksville (North MO region)
ridester.com

Springfield: Springfield, Joplin

St. Louis: St. Louis, St. Charles, Chesterfield, Belleville (IL side)

Montana

Billings: Billings

Bozeman: Bozeman

Missoula: Missoula

Nebraska

Lincoln: Lincoln

Omaha: Omaha, Bellevue, Papillion

Nevada

Las Vegas: Las Vegas, Henderson, North Las Vegas (Clark County)

Reno: Reno, Sparks, Carson City

New Hampshire

New Hampshire (statewide): Entire state covered (e.g. Manchester, Nashua, Concord, Portsmouth, etc.)
ridester.com

New Jersey

New Jersey (inland): Entire NJ excluding shore (e.g. Newark, Jersey City, Trenton, Morristown, etc.)
ridester.com

New Jersey Shore: Atlantic City and the full Jersey Shore coastal region
ridester.com

New Mexico

Albuquerque: Albuquerque, Rio Rancho

Gallup: Gallup (and nearby)

Las Cruces: Las Cruces

Santa Fe: Santa Fe, Los Alamos

Taos: Taos (and nearby)
ridester.com

New York

The Hamptons: Hamptons (eastern Long Island)

New York City: NYC (all five boroughs)
ridester.com

NYC Suburbs: Long Island (except Hamptons), Westchester, Poughkeepsie area
ridester.com

Upstate NY: Albany, Rochester, Syracuse, Buffalo, Ithaca, etc. (all other upstate cities)
ridester.com

North Carolina

Asheville: Asheville

Boone: Boone (High Country area)

Charlotte: Charlotte, Concord, Gastonia, Rock Hill (SC) – Greater Charlotte

Eastern North Carolina: Greenville, Jacksonville, New Bern, Kinston
ridester.com

Fayetteville: Fayetteville, Fort Bragg

Outer Banks: Outer Banks communities (Nags Head, Kitty Hawk, etc.)

Piedmont Triad: Greensboro, Winston-Salem, High Point
ridester.com

Raleigh-Durham: Raleigh, Durham, Chapel Hill (Research Triangle)
ridester.com

Wilmington: Wilmington

North Dakota

Bismarck: Bismarck

Dickinson: Dickinson

Fargo-Moorhead: Fargo ND and Moorhead MN

Grand Forks: Grand Forks

Ohio

Akron: Akron, Canton

Cincinnati: Cincinnati (OH) and Northern KY suburbs (Covington, Newport)

Cleveland: Cleveland, Lorain, Elyria

Columbus: Columbus, Newark, Delaware, Dublin

Dayton: Dayton, Springfield, Beavercreek

Toledo: Toledo, Bowling Green

Youngstown: Youngstown, Warren

Oklahoma

Lawton: Lawton

Oklahoma City: Oklahoma City, Edmond, Norman, Moore

Stillwater: Stillwater

Tulsa: Tulsa, Broken Arrow, Owasso

Oregon

Central Oregon: Bend, Redmond, Prineville
ridester.com

Eugene: Eugene, Springfield

Portland: Portland, Beaverton, Hillsboro, Gresham, Vancouver (WA)

Southern Oregon: Medford, Grants Pass, Ashland
ridester.com

Willamette Valley: Salem, Corvallis, Albany (Willamette Valley region)
ridester.com

Pennsylvania

DuBois: DuBois (and surrounding small towns)

Erie: Erie

Greater Williamsport: Williamsport (and surrounding)

Harrisburg: Harrisburg, Hershey, Carlisle, York

Johnstown-Altoona: Johnstown and Altoona region

Lancaster: Lancaster

Lehigh Valley: Allentown, Bethlehem, Easton (Lehigh Valley)

Philadelphia: Philadelphia, Bucks County, Montgomery County, Chester, Delaware County (Philly metro)

Pittsburgh: Pittsburgh, Allegheny County suburbs

Reading: Reading

State College: State College

Wilkes-Barre/Scranton: Wilkes-Barre, Scranton, Hazleton

Puerto Rico

Mayagüez: Mayagüez (western PR)

Ponce: Ponce (southern PR)

San Juan: San Juan, Bayamón, Carolina, Caguas (metro San Juan)

Rhode Island

Rhode Island (statewide): Entire state (Providence, Warwick, Newport, etc.)
ridester.com

South Carolina

Charleston: Charleston, North Charleston, Mount Pleasant

Columbia: Columbia, Lexington, Irmo

Florence: Florence

Greenville: Greenville, Spartanburg, Anderson (Upstate SC)

Myrtle Beach: Myrtle Beach, Conway, North Myrtle Beach

South Dakota

Pierre: Pierre

Rapid City: Rapid City

Sioux Falls: Sioux Falls

Tennessee

Chattanooga: Chattanooga, Cleveland (TN)

Cookeville: Cookeville

Jackson: Jackson (West TN)

Knoxville: Knoxville, Maryville, Oak Ridge

Memphis: Memphis, Bartlett, Southaven (MS)

Nashville: Nashville, Murfreesboro, Franklin, Hendersonville (Greater Nashville)

South Tennessee: Columbia, Lawrenceburg, Tullahoma (Southern Middle TN)
ridester.com

Tri-Cities: Johnson City, Kingsport, Bristol (NE Tennessee)

Texas

Abilene: Abilene

Amarillo: Amarillo

Austin: Austin, Round Rock, Cedar Park, Georgetown, Pflugerville (Austin metro)

Beaumont: Beaumont, Port Arthur, Orange

College Station: College Station, Bryan

Corpus Christi: Corpus Christi

Dallas: Dallas, Addison, Allen, Carrollton, Farmers Branch, Garland, Irving, Lewisville, McKinney, Plano, Richardson, The Colony, Frisco, Prosper, Coppell, etc.
uber.com
uber.com
 (Dallas–Fort Worth metroplex, eastern side)

Eagle Pass: Eagle Pass (Rio Grande border area)

El Paso: El Paso

Fort Worth: Fort Worth, North Richland Hills, Saginaw, Benbrook, Keller, Weatherford (DFW metroplex, western side)

Houston: Houston, Baytown, Pasadena, Sugar Land, Pearland, Conroe, The Woodlands, Galveston (Greater Houston)
ridester.com

Killeen: Killeen, Temple, Copperas Cove

Laredo: Laredo

Lubbock: Lubbock

Midland-Odessa: Midland, Odessa (Permian Basin)
ridester.com

Nacogdoches: Nacogdoches, Lufkin

Rio Grande Valley: McAllen, Edinburg, Brownsville, Harlingen (Rio Grande Valley region)
ridester.com

San Angelo: San Angelo

San Antonio: San Antonio, New Braunfels, San Marcos (Greater San Antonio)

Texarkana: Texarkana (TX/AR)

Tyler: Tyler, Longview

Waco: Waco, Killeen (Killeen listed separately above)

West Texas: Alpine, Fort Stockton, Pecos (West Texas rural region)
ridester.com

Wichita Falls: Wichita Falls

Utah

Salt Lake City: Salt Lake City, Ogden, Provo (Wasatch Front)

Southern Utah: St. George, Cedar City (southern Utah)
ridester.com

Vermont

Vermont (statewide): Entire state (Burlington, Montpelier, Rutland, etc.)
ridester.com

Virginia

Charlottesville-Harrisonburg: Charlottesville and Harrisonburg area

Hampton Roads: Norfolk, Virginia Beach, Chesapeake, Newport News, Hampton (Tidewater region)
ridester.com

Richmond: Richmond, Petersburg, Mechanicsville

Roanoke-Blacksburg: Roanoke, Blacksburg, Christiansburg
ridester.com

Washington

Bellingham: Bellingham

Eastern Washington: Spokane, Kennewick, Yakima, Walla Walla (Eastern WA region)
ridester.com

Olympia: Olympia

Peninsula & SW Washington: Bremerton, Port Angeles, Longview (Olympic Peninsula/SW WA)
ridester.com

Seattle: Seattle, Bellevue, Tacoma, Everett, Kirkland (Puget Sound metro)

Spokane: Included under Eastern Washington (listed above)

Tacoma: Tacoma (South Puget Sound; often included in Seattle area listing)

Washington, D.C.

Washington, D.C.: Washington, D.C. (covers the DC metro area including parts of MD and VA)
ridester.com

Complete CSV File – Uber Markets and Cities (U.S.): Below is the full CSV listing each state, market, and city. (Each row represents a city and the Uber market it belongs to.)

State,Market Name,City
Alabama,Auburn,Auburn
Alabama,Auburn,Opelika
Alabama,Birmingham,Birmingham
Alabama,Birmingham,Hoover
Alabama,Birmingham,Mountain Brook
Alabama,Birmingham,Vestavia Hills
Alabama,Birmingham,Bessemer
Alabama,Birmingham,Alabaster
Alabama,Birmingham,Homewood
Alabama,Birmingham,Center Point
Alabama,Huntsville,Huntsville
Alabama,Huntsville,Decatur
Alabama,Huntsville,Madison
Alabama,Huntsville,Athens
Alabama,Huntsville,Hartselle
Alabama,Mobile,Mobile
Alabama,Mobile,Prichard
Alabama,Mobile,Daphne
Alabama,Mobile,Fairhope
Alabama,Mobile,Gulf Shores
Alabama,Montgomery,Montgomery
Alabama,Montgomery,Prattville
Alabama,Montgomery,Millbrook
Alabama,Montgomery,Wetumpka
Alabama,Dothan,Dothan
Alabama,Dothan,Enterprise
Alabama,Dothan,Ozark
Alabama,East Alabama,Anniston
Alabama,East Alabama,Gadsden
Alabama,East Alabama,Oxford
Alabama,East Alabama,Jacksonville
Alabama,East Alabama,Glencoe
Alabama,East Alabama,Southside
Alabama,East Alabama,Rainbow City
Alabama,East Alabama,Attalla
Alabama,East Alabama,Heflin
Alabama,South Alabama,Brewton
Alabama,South Alabama,Evergreen
Alabama,South Alabama,Andalusia
Alabama,South Alabama,Greenville
Alabama,South Alabama,Monroeville
Alabama,South Alabama,Selma
Alabama,The Shoals,Florence
Alabama,The Shoals,Muscle Shoals
Alabama,The Shoals,Sheffield
Alabama,The Shoals,Tuscumbia
Alabama,The Shoals,Russellville
Alabama,The Shoals,Killen
Alabama,The Shoals,Rogersville
Alabama,Tuscaloosa,Tuscaloosa
Alabama,Tuscaloosa,Northport
Alabama,Tuscaloosa,Aliceville
Alabama,Tuscaloosa,Fayette
Alaska,Anchorage,Anchorage
Alaska,Fairbanks,Fairbanks
Alaska,Juneau,Juneau
Arizona,Flagstaff,Flagstaff
Arizona,Phoenix,Phoenix
Arizona,Phoenix,Mesa
Arizona,Phoenix,Chandler
Arizona,Phoenix,Gilbert
Arizona,Phoenix,Glendale
Arizona,Phoenix,Scottsdale
Arizona,Phoenix,Tempe
Arizona,Phoenix,Peoria
Arizona,Phoenix,Surprise
Arizona,Phoenix,Avondale
Arizona,Phoenix,Goodyear
Arizona,Phoenix,Buckeye
Arizona,Phoenix,Apache Junction
Arizona,Tucson,Tucson
Arizona,Tucson,Oro Valley
Arizona,Tucson,Marana
Arizona,Tucson,Sahuarita
Arizona,Western Arizona,Kingman
Arizona,Western Arizona,Lake Havasu City
Arizona,Western Arizona,Bullhead City
Arizona,Yuma,Yuma
Arizona,Yuma,Somerton
Arizona,Yuma,San Luis
Arkansas,Fayetteville,Fayetteville
Arkansas,Fayetteville,Springdale
Arkansas,Fayetteville,Bentonville
Arkansas,Fayetteville,Rogers
Arkansas,Fayetteville,Bella Vista
Arkansas,Jonesboro,Jonesboro
Arkansas,Little Rock,Little Rock
Arkansas,Little Rock,North Little Rock
Arkansas,Little Rock,Conway
Arkansas,Little Rock,Benton
Arkansas,Little Rock,Sherwood
Arkansas,Little Rock,Jacksonville
Arkansas,Southern Arkansas,Fort Smith
Arkansas,Southern Arkansas,Hot Springs
Arkansas,Southern Arkansas,El Dorado
Arkansas,Southern Arkansas,Texarkana
California,Bakersfield,Bakersfield
California,Bakersfield,Delano
California,Bakersfield,Wasco
California,Fresno,Fresno
California,Fresno,Clovis
California,Fresno,Madera
California,Inland Empire,Riverside
California,Inland Empire,San Bernardino
California,Inland Empire,Ontario
California,Inland Empire,Fontana
California,Inland Empire,Victorville
California,Inland Empire,Temecula
California,Los Angeles,Los Angeles
California,Los Angeles,Anaheim
California,Los Angeles,Long Beach
California,Los Angeles,Santa Monica
California,Los Angeles,Irvine
California,Los Angeles,Burbank
California,Los Angeles,Pasadena
California,Los Angeles,Glendale
California,Los Angeles,Inglewood
California,Los Angeles,Pomona
California,Los Angeles,Torrance
California,Modesto,Modesto
California,Modesto,Stockton
California,Modesto,Tracy
California,Palm Springs,Palm Springs
California,Palm Springs,Palm Desert
California,Palm Springs,Indio
California,Sacramento,Sacramento
California,Sacramento,Roseville
California,Sacramento,Elk Grove
California,Sacramento,Folsom
California,Sacramento,Davis
California,San Diego,San Diego
California,San Diego,Chula Vista
California,San Diego,Carlsbad
California,San Diego,Escondido
California,San Francisco Bay Area,San Francisco
California,San Francisco Bay Area,Oakland
California,San Francisco Bay Area,San Jose
California,San Francisco Bay Area,Berkeley
California,San Francisco Bay Area,Fremont
California,San Francisco Bay Area,Sunnyvale
California,San Francisco Bay Area,Palo Alto
California,San Francisco Bay Area,Redwood City
California,San Luis Obispo,San Luis Obispo
California,San Luis Obispo,Paso Robles
California,Santa Barbara,Santa Barbara
California,Santa Barbara,Santa Maria
California,Santa Barbara,Lompoc
California,Ventura,Ventura
California,Ventura,Oxnard
California,Ventura,Thousand Oaks
Colorado,Colorado Springs,Colorado Springs
Colorado,Colorado Springs,Pueblo
Colorado,Colorado Springs,Fountain
Colorado,Denver,Denver
Colorado,Denver,Aurora
Colorado,Denver,Lakewood
Colorado,Denver,Boulder
Colorado,Denver,Arvada
Colorado,Denver,Thornton
Colorado,Fort Collins,Fort Collins
Colorado,Fort Collins,Greeley
Colorado,Fort Collins,Loveland
Colorado,Rockies,Aspen
Colorado,Rockies,Vail
Colorado,Rockies,Breckenridge
Colorado,Rockies,Telluride
Connecticut,Connecticut (entire state),Bridgeport
Connecticut,Connecticut (entire state),New Haven
Connecticut,Connecticut (entire state),Hartford
Connecticut,Connecticut (entire state),Stamford
Connecticut,Connecticut (entire state),Waterbury
Connecticut,Connecticut (entire state),Norwalk
Delaware,Delaware (entire state),Wilmington
Delaware,Delaware (entire state),Dover
Delaware,Delaware (entire state),Newark
Delaware,Delaware (entire state),Rehoboth Beach
Florida,Central Atlantic Coast,Daytona Beach
Florida,Central Atlantic Coast,Palm Coast
Florida,Central Atlantic Coast,Titusville
Florida,Florida Keys,Key West
Florida,Florida Keys,Marathon
Florida,Florida Keys,Key Largo
Florida,Fort Myers-Naples,Fort Myers
Florida,Fort Myers-Naples,Naples
Florida,Fort Myers-Naples,Cape Coral
Florida,Fort Myers-Naples,Bonita Springs
Florida,Gainesville,Gainesville
Florida,Jacksonville,Jacksonville
Florida,Jacksonville,St. Augustine
Florida,Jacksonville,Orange Park
Florida,Jacksonville,Fernandina Beach
Florida,Miami,Miami
Florida,Miami,Fort Lauderdale
Florida,Miami,West Palm Beach
Florida,Miami,Boca Raton
Florida,Ocala,Ocala
Florida,Orlando,Orlando
Florida,Orlando,Kissimmee
Florida,Orlando,Sanford
Florida,Orlando,Winter Park
Florida,Pensacola,Pensacola
Florida,Pensacola,Destin
Florida,Pensacola,Fort Walton Beach
Florida,Sarasota,Sarasota
Florida,Sarasota,Bradenton
Florida,Sarasota,Venice
Florida,Sarasota,North Port
Florida,Tallahassee,Tallahassee
Florida,Tampa Bay,Tampa
Florida,Tampa Bay,St. Petersburg
Florida,Tampa Bay,Clearwater
Florida,Tampa Bay,Lakeland
Florida,Tampa Bay,Brandon
Georgia,Athens,Athens
Georgia,Atlanta,Atlanta
Georgia,Atlanta,Marietta
Georgia,Atlanta,Decatur
Georgia,Atlanta,Sandy Springs
Georgia,Atlanta,Roswell
Georgia,Atlanta,Alpharetta
Georgia,Augusta,Augusta
Georgia,Coastal Georgia,Savannah
Georgia,Coastal Georgia,Brunswick
Georgia,Coastal Georgia,Hinesville
Georgia,Coastal Georgia,Waycross
Georgia,Columbus,Columbus
Georgia,Columbus,Phenix City
Georgia,Macon,Macon
Georgia,Macon,Warner Robins
Georgia,North Georgia,Dalton
Georgia,North Georgia,Gainesville
Georgia,North Georgia,Helen
Georgia,North Georgia,Rome
Georgia,Savannah-Hilton Head,Savannah
Georgia,Savannah-Hilton Head,Hilton Head Island
Georgia,South Georgia,Albany
Georgia,South Georgia,Valdosta
Georgia,South Georgia,Tifton
Georgia,South Georgia,Thomasville
Hawaii,Big Island,Hilo
Hawaii,Big Island,Kailua-Kona
Hawaii,Honolulu,Honolulu
Hawaii,Honolulu,Pearl City
Hawaii,Kauai,Lihue
Hawaii,Maui,Kahului
Hawaii,Maui,Lahaina
Idaho,Boise,Boise
Idaho,Boise,Nampa
Idaho,Boise,Meridian
Idaho,Boise,Caldwell
Idaho,Coeur D’Alene,Coeur d'Alene
Idaho,Coeur D’Alene,Post Falls
Idaho,Eastern Idaho,Idaho Falls
Idaho,Eastern Idaho,Pocatello
Idaho,Eastern Idaho,Rexburg
Illinois,Carbondale,Carbondale
Illinois,Champaign,Champaign
Illinois,Champaign,Urbana
Illinois,Chicago,Chicago
Illinois,Chicago,Aurora
Illinois,Chicago,Naperville
Illinois,Chicago,Joliet
Illinois,Chicago,Elgin
Illinois,Chicago,Waukegan
Illinois,Peoria,Peoria
Illinois,Peoria,Bloomington
Illinois,Peoria,Normal
Illinois,Quad Cities,Moline
Illinois,Quad Cities,Rock Island
Illinois,Rockford,Rockford
Illinois,Springfield,Springfield
Illinois,Springfield,Decatur
Indiana,Bloomington,Bloomington
Indiana,Evansville,Evansville
Indiana,Fort Wayne,Fort Wayne
Indiana,Indianapolis,Indianapolis
Indiana,Indianapolis,Carmel
Indiana,Indianapolis,Fishers
Indiana,Indianapolis,Greenwood
Indiana,NW Indiana,Gary
Indiana,NW Indiana,Hammond
Indiana,NW Indiana,Valparaiso
Indiana,South Bend,South Bend
Indiana,South Bend,Mishawaka
Indiana,South Bend,Elkhart
Indiana,Terre Haute,Terre Haute
Indiana,West Lafayette,Lafayette
Indiana,West Lafayette,West Lafayette
Iowa,Ames,Ames
Iowa,Cedar Rapids,Cedar Rapids
Iowa,Cedar Rapids,Marion
Iowa,Cedar Rapids,Hiawatha
Iowa,Des Moines,Des Moines
Iowa,Des Moines,West Des Moines
Iowa,Des Moines,Ankeny
Iowa,Des Moines,Urbandale
Iowa,Dubuque,Dubuque
Iowa,Iowa City,Iowa City
Iowa,Iowa City,Coralville
Iowa,Quad Cities,Davenport
Iowa,Quad Cities,Bettendorf
Iowa,Sioux City,Sioux City
Iowa,Waterloo-Cedar Falls,Waterloo
Iowa,Waterloo-Cedar Falls,Cedar Falls
Kansas,Kansas City,Overland Park
Kansas,Kansas City,Olathe
Kansas,Kansas City,Lenexa
Kansas,Kansas City,Kansas City
Kansas,Lawrence,Lawrence
Kansas,Manhattan,Manhattan
Kansas,Topeka,Topeka
Kansas,Wichita,Wichita
Kansas,Wichita,Hutchinson
Kansas,Wichita,Derby
Kentucky,Bowling Green,Bowling Green
Kentucky,Lexington,Lexington
Kentucky,Louisville,Louisville
Kentucky,Louisville,Jeffersonville
Kentucky,Louisville,New Albany
Louisiana,Baton Rouge,Baton Rouge
Louisiana,Baton Rouge,Denham Springs
Louisiana,Lafayette-Lake Charles,Lafayette
Louisiana,Lafayette-Lake Charles,Lake Charles
Louisiana,Lafayette-Lake Charles,Opelousas
Louisiana,Lafayette-Lake Charles,New Iberia
Louisiana,Monroe,Monroe
Louisiana,Monroe,Ruston
Louisiana,New Orleans,New Orleans
Louisiana,New Orleans,Metairie
Louisiana,New Orleans,Kenner
Louisiana,New Orleans,Slidell
Louisiana,Shreveport-Alexandria,Shreveport
Louisiana,Shreveport-Alexandria,Bossier City
Louisiana,Shreveport-Alexandria,Alexandria
Louisiana,Shreveport-Alexandria,Natchitoches
Maine,Greater Maine,Augusta
Maine,Greater Maine,Bangor
Maine,Greater Maine,Lewiston
Maine,Portland,Portland
Maine,Portland,South Portland
Maine,Portland,Brunswick
Maryland,Baltimore,Baltimore
Maryland,Baltimore,Columbia
Maryland,Baltimore,Towson
Maryland,Baltimore,Glen Burnie
Maryland,Eastern Shore,Salisbury
Maryland,Eastern Shore,Ocean City
Maryland,Eastern Shore,Easton
Maryland,Eastern Shore,Kent Island
Massachusetts,Boston,Boston
Massachusetts,Boston,Cambridge
Massachusetts,Boston,Worcester
Massachusetts,Boston,Springfield
Massachusetts,Western Massachusetts,Springfield
Massachusetts,Western Massachusetts,Pittsfield
Massachusetts,Western Massachusetts,Amherst
Massachusetts,Worcester,Worcester
Michigan,Ann Arbor,Ann Arbor
Michigan,Ann Arbor,Ypsilanti
Michigan,Detroit,Detroit
Michigan,Detroit,Warren
Michigan,Detroit,Dearborn
Michigan,Detroit,Southfield
Michigan,Flint,Flint
Michigan,Grand Rapids,Grand Rapids
Michigan,Grand Rapids,Holland
Michigan,Grand Rapids,Muskegon
Michigan,Kalamazoo,Kalamazoo
Michigan,Kalamazoo,Battle Creek
Michigan,Lansing,Lansing
Michigan,Lansing,East Lansing
Michigan,Traverse City,Traverse City
Michigan,Tri-Cities,Saginaw
Michigan,Tri-Cities,Bay City
Michigan,Tri-Cities,Midland
Minnesota,Duluth,Duluth
Minnesota,Duluth,Superior
Minnesota,Mankato,Mankato
Minnesota,Minneapolis-St. Paul,Minneapolis
Minnesota,Minneapolis-St. Paul,Saint Paul
Minnesota,Minneapolis-St. Paul,Bloomington
Minnesota,Minneapolis-St. Paul,Brooklyn Park
Minnesota,Rochester,Rochester
Minnesota,St. Cloud,St. Cloud
Mississippi,Golden Triangle,Columbus
Mississippi,Golden Triangle,Starkville
Mississippi,Golden Triangle,West Point
Mississippi,Gulfport-Biloxi,Gulfport
Mississippi,Gulfport-Biloxi,Biloxi
Mississippi,Gulfport-Biloxi,Pascagoula
Mississippi,Hattiesburg,Hattiesburg
Mississippi,Jackson,Jackson
Mississippi,Jackson,Pearl
Mississippi,Jackson,Madison
Mississippi,Jackson,Ridgeland
Mississippi,Meridian,Meridian
Mississippi,Mississippi Delta,Greenville
Mississippi,Mississippi Delta,Greenwood
Mississippi,Mississippi Delta,Cleveland
Mississippi,Oxford,Oxford
Missouri,Columbia,Columbia
Missouri,Kansas City,Kansas City
Missouri,Kansas City,Independence
Missouri,Kansas City,Lee's Summit
Missouri,Kansas City,Blue Springs
Missouri,Northern Missouri,St. Joseph
Missouri,Northern Missouri,Moberly
Missouri,Northern Missouri,Kirksville
Missouri,Springfield,Springfield
Missouri,Springfield,Joplin
Missouri,St. Louis,St. Louis
Missouri,St. Louis,St. Charles
Missouri,St. Louis,Chesterfield
Missouri,St. Louis,Belleville
Montana,Billings,Billings
Montana,Bozeman,Bozeman
Montana,Missoula,Missoula
Nebraska,Lincoln,Lincoln
Nebraska,Omaha,Omaha
Nebraska,Omaha,Bellevue
Nebraska,Omaha,Papillion
Nevada,Las Vegas,Las Vegas
Nevada,Las Vegas,Henderson
Nevada,Las Vegas,North Las Vegas
Nevada,Reno,Reno
Nevada,Reno,Sparks
Nevada,Reno,Carson City
New Hampshire,New Hampshire (entire state),Manchester
New Hampshire,New Hampshire (entire state),Nashua
New Hampshire,New Hampshire (entire state),Concord
New Hampshire,New Hampshire (entire state),Portsmouth
New Jersey,New Jersey (inland),Newark
New Jersey,New Jersey (inland),Jersey City
New Jersey,New Jersey (inland),Trenton
New Jersey,New Jersey (inland),Morristown
New Jersey,New Jersey Shore,Atlantic City
New Jersey,New Jersey Shore,Cape May
New Jersey,New Jersey Shore,Toms River
New Mexico,Albuquerque,Albuquerque
New Mexico,Albuquerque,Rio Rancho
New Mexico,Gallup,Gallup
New Mexico,Las Cruces,Las Cruces
New Mexico,Santa Fe,Santa Fe
New Mexico,Los Alamos,Los Alamos
New Mexico,Taos,Taos
New York,The Hamptons,Southampton
New York,The Hamptons,East Hampton
New York,New York City,New York
New York,New York City,Brooklyn
New York,New York City,Queens
New York,New York City,Bronx
New York,New York City,Staten Island
New York,NYC Suburbs,Long Island
New York,NYC Suburbs,Hempstead
New York,NYC Suburbs,Poughkeepsie
New York,Upstate NY,Albany
New York,Upstate NY,Rochester
New York,Upstate NY,Syracuse
New York,Upstate NY,Buffalo
New York,Upstate NY,Ithaca
North Carolina,Asheville,Asheville
North Carolina,Boone,Boone
North Carolina,Charlotte,Charlotte
North Carolina,Charlotte,Concord
North Carolina,Charlotte,Gastonia
North Carolina,Charlotte,Rock Hill
North Carolina,Eastern North Carolina,Greenville
North Carolina,Eastern North Carolina,Jacksonville
North Carolina,Eastern North Carolina,New Bern
North Carolina,Eastern North Carolina,Kinston
North Carolina,Fayetteville,Fayetteville
North Carolina,Fayetteville,Fort Bragg
North Carolina,Outer Banks,Nags Head
North Carolina,Outer Banks,Kitty Hawk
North Carolina,Piedmont Triad,Greensboro
North Carolina,Piedmont Triad,Winston-Salem
North Carolina,Piedmont Triad,High Point
North Carolina,Raleigh-Durham,Raleigh
North Carolina,Raleigh-Durham,Durham
North Carolina,Raleigh-Durham,Chapel Hill
North Carolina,Wilmington,Wilmington
North Dakota,Bismarck,Bismarck
North Dakota,Dickinson,Dickinson
North Dakota,Fargo-Moorhead,Fargo
North Dakota,Fargo-Moorhead,Moorhead
North Dakota,Grand Forks,Grand Forks
Ohio,Akron,Akron
Ohio,Akron,Canton
Ohio,Cincinnati,Cincinnati
Ohio,Cincinnati,Covington
Ohio,Cincinnati,Newport
Ohio,Cleveland,Cleveland
Ohio,Cleveland,Lorain
Ohio,Cleveland,Elyria
Ohio,Columbus,Columbus
Ohio,Columbus,Newark
Ohio,Columbus,Delaware
Ohio,Columbus,Dublin
Ohio,Dayton,Dayton
Ohio,Dayton,Springfield
Ohio,Dayton,Beavercreek
Ohio,Toledo,Toledo
Ohio,Toledo,Bowling Green
Ohio,Youngstown,Youngstown
Ohio,Youngstown,Warren
Oklahoma,Lawton,Lawton
Oklahoma,Oklahoma City,Oklahoma City
Oklahoma,Oklahoma City,Edmond
Oklahoma,Oklahoma City,Norman
Oklahoma,Oklahoma City,Moore
Oklahoma,Stillwater,Stillwater
Oklahoma,Tulsa,Tulsa
Oklahoma,Tulsa,Broken Arrow
Oklahoma,Tulsa,Owasso
Oregon,Central Oregon,Bend
Oregon,Central Oregon,Redmond
Oregon,Eugene,Eugene
Oregon,Eugene,Springfield
Oregon,Portland,Portland
Oregon,Portland,Beaverton
Oregon,Portland,Hillsboro
Oregon,Portland,Gresham
Oregon,Portland,Vancouver
Oregon,Southern Oregon,Medford
Oregon,Southern Oregon,Grants Pass
Oregon,Southern Oregon,Ashland
Oregon,Willamette Valley,Salem
Oregon,Willamette Valley,Corvallis
Oregon,Willamette Valley,Albany
Pennsylvania,DuBois,DuBois
Pennsylvania,Erie,Erie
Pennsylvania,Greater Williamsport,Williamsport
Pennsylvania,Harrisburg,Harrisburg
Pennsylvania,Harrisburg,Hershey
Pennsylvania,Harrisburg,Carlisle
Pennsylvania,Harrisburg,York
Pennsylvania,Johnstown-Altoona,Johnstown
Pennsylvania,Johnstown-Altoona,Altoona
Pennsylvania,Lancaster,Lancaster
Pennsylvania,Lehigh Valley,Allentown
Pennsylvania,Lehigh Valley,Bethlehem
Pennsylvania,Lehigh Valley,Easton
Pennsylvania,Philadelphia,Philadelphia
Pennsylvania,Philadelphia,Bensalem
Pennsylvania,Philadelphia,Allentown
Pennsylvania,Philadelphia,Trenton
Pennsylvania,Pittsburgh,Pittsburgh
Pennsylvania,Pittsburgh,Monroeville
Pennsylvania,Pittsburgh,McCandless
Pennsylvania,Reading,Reading
Pennsylvania,State College,State College
Pennsylvania,Wilkes-Barre Scranton,Wilkes-Barre
Pennsylvania,Wilkes-Barre Scranton,Scranton
Pennsylvania,Wilkes-Barre Scranton,Hazleton
Puerto Rico,Mayaguez,Mayagüez
Puerto Rico,Ponce,Ponce
Puerto Rico,San Juan,San Juan
Puerto Rico,San Juan,Bayamón
Puerto Rico,San Juan,Carolina
Puerto Rico,San Juan,Caguas
Rhode Island,Rhode Island (entire state),Providence
Rhode Island,Rhode Island (entire state),Warwick
Rhode Island,Rhode Island (entire state),Newport
South Carolina,Charleston,Charleston
South Carolina,Charleston,North Charleston
South Carolina,Charleston,Mount Pleasant
South Carolina,Columbia,Columbia
South Carolina,Columbia,Lexington
South Carolina,Columbia,Irmo
South Carolina,Florence,Florence
South Carolina,Greenville,Greenville
South Carolina,Greenville,Spartanburg
South Carolina,Greenville,Anderson
South Carolina,Myrtle Beach,Myrtle Beach
South Carolina,Myrtle Beach,Conway
South Carolina,Myrtle Beach,North Myrtle Beach
South Dakota,Pierre,Pierre
South Dakota,Rapid City,Rapid City
South Dakota,Sioux Falls,Sioux Falls
Tennessee,Chattanooga,Chattanooga
Tennessee,Chattanooga,Cleveland
Tennessee,Cookeville,Cookeville
Tennessee,Jackson,Jackson
Tennessee,Knoxville,Knoxville
Tennessee,Knoxville,Maryville
Tennessee,Knoxville,Oak Ridge
Tennessee,Memphis,Memphis
Tennessee,Memphis,Bartlett
Tennessee,Memphis,Southaven
Tennessee,Nashville,Nashville
Tennessee,Nashville,Murfreesboro
Tennessee,Nashville,Franklin
Tennessee,Nashville,Hendersonville
Tennessee,South Tennessee,Columbia
Tennessee,South Tennessee,Lawrenceburg
Tennessee,South Tennessee,Tullahoma
Tennessee,Tri-Cities,Johnson City
Tennessee,Tri-Cities,Kingsport
Tennessee,Tri-Cities,Bristol
Texas,Abilene,Abilene
Texas,Amarillo,Amarillo
Texas,Austin,Austin
Texas,Austin,Round Rock
Texas,Austin,Cedar Park
Texas,Austin,Georgetown
Texas,Austin,Pflugerville
Texas,Beaumont,Beaumont
Texas,Beaumont,Port Arthur
Texas,Beaumont,Orange
Texas,College Station,College Station
Texas,College Station,Bryan
Texas,Corpus Christi,Corpus Christi
Texas,Dallas,Dallas
Texas,Dallas,Addison
Texas,Dallas,Allen
Texas,Dallas,Carrollton
Texas,Dallas,Farmers Branch
Texas,Dallas,Garland
Texas,Dallas,Irving
Texas,Dallas,Lewisville
Texas,Dallas,Plano
Texas,Dallas,Richardson
Texas,Dallas,The Colony
Texas,Dallas,Frisco
Texas,Dallas,Prosper
Texas,Dallas,Coppell
Texas,Eagle Pass,Eagle Pass
Texas,El Paso,El Paso
Texas,Fort Worth,Fort Worth
Texas,Fort Worth,North Richland Hills
Texas,Fort Worth,Saginaw
Texas,Fort Worth,Benbrook
Texas,Fort Worth,Keller
Texas,Fort Worth,Weatherford
Texas,Houston,Houston
Texas,Houston,Baytown
Texas,Houston,Pasadena
Texas,Houston,Sugar Land
Texas,Houston,Pearland
Texas,Houston,Conroe
Texas,Houston,The Woodlands
Texas,Houston,Galveston
Texas,Killeen,Killeen
Texas,Killeen,Temple
Texas,Killeen,Copperas Cove
Texas,Laredo,Laredo
Texas,Lubbock,Lubbock
Texas,Midland-Odessa,Midland
Texas,Midland-Odessa,Odessa
Texas,Nacogdoches,Nacogdoches
Texas,Nacogdoches,Lufkin
Texas,Rio Grande Valley,McAllen
Texas,Rio Grande Valley,Edinburg
Texas,Rio Grande Valley,Brownsville
Texas,Rio Grande Valley,Harlingen
Texas,San Angelo,San Angelo
Texas,San Antonio,San Antonio
Texas,San Antonio,New Braunfels
Texas,San Antonio,San Marcos
Texas,Texarkana,Texarkana
Texas,Tyler,Tyler
Texas,Tyler,Longview
Texas,Waco,Waco
Texas,Waco,Temple
Texas,West Texas,Alpine
Texas,West Texas,Fort Stockton
Texas,West Texas,Pecos
Texas,Wichita Falls,Wichita Falls
Utah,Salt Lake City,Salt Lake City
Utah,Salt Lake City,Ogden
Utah,Salt Lake City,Provo
Utah,Southern Utah,St. George
Utah,Southern Utah,Cedar City
Vermont,Vermont (entire state),Burlington
Vermont,Vermont (entire state),Montpelier
Vermont,Vermont (entire state),Rutland
Virginia,Charlottesville-Harrisonburg,Charlottesville
Virginia,Charlottesville-Harrisonburg,Harrisonburg
Virginia,Hampton Roads,Norfolk
Virginia,Hampton Roads,Virginia Beach
Virginia,Hampton Roads,Chesapeake
Virginia,Hampton Roads,Newport News
Virginia,Hampton Roads,Hampton
Virginia,Richmond,Richmond
Virginia,Richmond,Petersburg
Virginia,Richmond,Mechanicsville
Virginia,Roanoke-Blacksburg,Roanoke
Virginia,Roanoke-Blacksburg,Blacksburg
Virginia,Roanoke-Blacksburg,Christiansburg
Washington,Bellingham,Bellingham
Washington,Eastern Washington,Spokane
Washington,Eastern Washington,Kennewick
Washington,Eastern Washington,Yakima
Washington,Eastern Washington,Walla Walla
Washington,Olympia,Olympia
Washington,Peninsula and SW Washington,Bremerton
Washington,Peninsula and SW Washington,Port Angeles
Washington,Peninsula and SW Washington,Longview
Washington,Seattle,Seattle
Washington,Seattle,Bellevue
Washington,Seattle,Everett
Washington,Seattle,Kirkland
Washington,Seattle,Redmond
Washington,Seattle,Tacoma
Washington,Seattle,Olympia
Washington,Spokane,Spokane
Washington,Tacoma,Tacoma
