Global Market Intelligence: Operational Boundaries and Geospatial Definitions in the Gig Economy1. Introduction: The Geopolitics of the AlgorithmThe digital geography of the twenty-first century is no longer defined solely by municipal borders, county lines, or national frontiers. Instead, a parallel cartography has emerged—one drawn by algorithms, supply liquidity, and the logistical imperatives of platform economics. For stakeholders seeking to integrate with Uber’s operational database, the primary challenge lies in distinguishing between the "City" as a consumer-facing marketing label and the "Market" as a rigid operational container. The user query—to generate an intel tool connecting "Markets by State and Country" tables—requires a sophisticated unbundling of these concepts. This report serves not only as the delivery mechanism for the requested raw data but as a comprehensive manual for understanding the fluid dynamics of market boundaries.In the context of Uber’s ecosystem, a "Market" is not merely a geographic area; it is a unified economic zone governed by a specific rate card, a distinct set of incentive structures, and a dedicated regulatory framework. While the consumer app may greet a rider in "The Hills, Texas" or "Adamsville, Alabama" with a seamless interface, the backend logic categorizes these locations as nodes within larger gravitational clusters—the "Austin" or "Birmingham" markets, respectively. Understanding this distinction is critical for any intelligence tool designed to map market boundaries. If an analyst treats every municipality listed in the app as an independent market, the resulting data architecture will be fragmented and analytically useless. The "Market" is the atomic unit of the gig economy; the "City" is merely a molecule within it.This report provides an exhaustive analysis of these boundaries, utilizing a triangulation methodology that cross-references courier service lists, Greenlight Hub locations, and Designated Market Area (DMA) definitions. It explores the operational friction that exists at the edges of these markets—the "grey zones"—and offers a robust, raw dataset in Comma Separated Values (CSV) format to empower your internal analytics tables. We will traverse the United States state-by-state, dissecting the raw data to reveal the underlying market logic, before broadening the scope to international territories. This is a definitive guide to the "Markets by State" architecture.2. Theoretical Framework: Defining the Operational MarketTo construct a valid "Intel Tool," one must first codify the rules that define a market. The disconnect between a rider's perception and a driver's reality is the source of most data integration errors. When a user requests a ride in a suburb, they are accessing a supply pool that is managed centrally from a metropolitan hub.2.1 The Gravity Model of Gig LogisticsThe fundamental principle governing Uber’s market definitions is economic gravity. Just as a planet holds moons in orbit, a "Core City" holds "Satellite Municipalities" in its operational sphere. The strength of this gravity is determined by commuter flow. If a significant percentage of the population in Alabaster, Alabama, commutes to Birmingham for work, Uber’s algorithms must treat them as a single continuous market.1 If they were treated as separate markets, a driver taking a commuter from Alabaster to Birmingham would effectively be "leaving" their work zone, potentially losing access to incentives or surge pricing on the return leg.This integration is evidenced by the "Area Preferences" feature described in the research material.2 Drivers with Platinum or Diamond status can restrict their requests to specific areas. Crucially, these areas are not defined by municipal city limits but by arbitrary polygons drawn by the platform to manage supply density. A market, therefore, is the sum of all contiguous polygons that share a common dispatch logic.2.2 The Role of Designated Market Areas (DMAs)Our analysis suggests a near-perfect correlation between Uber’s internal market definitions and Nielsen’s Designated Market Areas (DMAs).3 DMAs are used by advertisers to define media markets, grouping counties that receive the same television signals. This is a proxy for economic integration.For instance, the list of Uber cities in Alabama includes Anniston, Gadsden, and Talladega.1 While these are distinct towns, in the media world, they often fall under the Birmingham DMA. In the Uber ecosystem, they function as outlying nodes of the Birmingham market. This allows the platform to unify marketing spend (e.g., "Ride and Save in Birmingham") while covering a massive geographic swathe. For the purpose of your intel tool, mapping a city to its DMA is the single most reliable method for inferring its Uber Market ID when explicit data is unavailable.2.3 Physical Anchors: The Greenlight HubThe most tangible evidence of a market’s center of gravity is the "Greenlight Hub".4 These are physical support centers where drivers go for onboarding and conflict resolution. A driver living in Santa Clarita, California, does not have a local hub; they must travel to the Los Angeles hub. This physical dependency reinforces the digital boundary. The hub locations provided in the research material—such as the Redondo Beach hub serving the entirety of the Los Angeles basin—act as the "Capital Cities" of these operational markets. Any intel tool must prioritize Greenlight Hub locations as the primary keys for "Market" identification.3. Regional Market Analysis: The Southern ClusterThe South represents a unique topology in the Uber network, characterized by distinct urban cores separated by large rural expanses. The data from Alabama and Arkansas provides a clear case study in how "Hub and Spoke" markets are structured.3.1 Alabama: The Tri-Polar StateThe raw data for Alabama 1 reveals a state divided into three primary operational fiefdoms. This is not a single "Alabama Market" but a federation of three distinct zones.The Birmingham Central ClusterBirmingham serves as the primary gravity well for the state. The data lists a constellation of satellite cities that have no independent operational standing. Adamsville, Bessemer, Fultondale, Gardendale, and Irondale are all listed as distinct availability zones. However, functionally, they are merely neighborhoods of the greater Birmingham apparatus. A driver in Trussville is subject to the pricing surges of downtown Birmingham. The market boundary here is expansive, swallowing the entirety of Jefferson and Shelby counties. The inclusion of Clanton—a city halfway to Montgomery—suggests the Birmingham market has a massive southern tail, likely designed to capture interstate transit traffic.The Coastal Mobile MarketTo the south, the market structure changes. The Mobile market is not just a city; it is a coastal corridor. The inclusion of Daphne, Fairhope, Spanish Fort, and Gulf Shores indicates a market defined by tourism and cross-bay commuting. Bayou La Batre, famous for its seafood industry, is also included.1 This creates a linear market that hugs the coastline. For the intel tool, any city with a "Coastal" attribute or proximity to Mobile Bay must be clustered here. The connection between Mobile and Pensacola, Florida (referenced in DMA data 6) suggests a potential cross-state market bleed, though state-level regulation usually creates a hard border at the state line.The Northern Tech Corridor (Huntsville)Huntsville represents a rapidly expanding market node. The list includes Madison, Decatur, Athens, and Harvest. This cluster is distinct from Birmingham, separated by rural Cullman County (though Cullman itself is listed, serving as a bridge node). The Huntsville market is characterized by high-tech commuters, and its satellites are largely bedroom communities.3.2 Arkansas: The Little Rock RadialArkansas presents a more centralized model.1 Little Rock serves as the singular dominant hub, with satellites like Maumelle, North Little Rock, Sherwood, and Jacksonville forming a tight radial ring.However, a secondary, highly distinct market exists in the Northwest: the Fayetteville-Bentonville complex. This market is driven by the University of Arkansas and the corporate headquarters of Walmart. The inclusion of cities like Cave Springs, Centerton, Lowell, and Rogers creates a contiguous urban corridor that rivals Little Rock in operational density. This is a classic example of a "Twin City" market where two major anchors (Fayetteville and Rogers) create a bipolar market structure. The intel tool must recognize this region not as "Rural Arkansas" but as a Tier-2 dense urban market.3.3 Florida: The Peninsula of ConvergenceFlorida 7 offers a glimpse into "Megalopolis" market structures. In South Florida, market boundaries dissolve. Miami, Fort Lauderdale, Boca Raton, and West Palm Beach are listed as separate entities, but operationally, they form one continuous "South Florida" zone. A driver can pick up a passenger in Coral Gables (Miami) and drop them in Hollywood (Fort Lauderdale) without leaving the high-density zone.However, the "Offline Heatmap" data 8 introduces an interesting anomaly: the Florida Keys. The Keys are listed as having their own heatmap, separate from Miami. This suggests that despite being in the same state and relatively close, the geographic bottleneck of the Overseas Highway creates a "hard border," necessitating a separate market definition. A driver in Key Largo is operationally distinct from a driver in Homestead.4. Regional Market Analysis: The Western ExpanseThe Western United States, particularly California and Arizona, presents a different challenge: the "Mega-Region." Here, cities sprawl into one another, creating massive, contiguous carpets of urbanization where market boundaries are defined more by traffic patterns than geography.4.1 California: The Infinite GridCalifornia 1 is the most complex operating environment. The Los Angeles market is not a city; it is a nation-state. The data lists over 80 municipalities, ranging from the ultra-wealthy enclaves of Beverly Hills and San Marino to the industrial hubs of Commerce and Vernon.The Inland Empire ProblemOne of the most critical distinctions for the intel tool is separating Los Angeles from the Inland Empire. While physically connected, they are operationally distinct. Cities like Fontana, Rialto, San Bernardino, and Moreno Valley form the Inland Empire market. The distance is vast—a driver taking a fare from Santa Monica to Moreno Valley faces a two-hour unpaid return trip. Thus, "Area Preferences" 2 are heavily utilized here to wall off these markets. The raw data lists Twentynine Palms and Yucca Valley—remote desert outposts—as part of the Uber network. These likely function as satellite nodes of the Palm Springs market rather than the Inland Empire, catering to military personnel and tourists.The Bay Area AmalgamationThe San Francisco Bay Area market unifies the Peninsula, East Bay, and South Bay. Palo Alto, Mountain View, Oakland, Berkeley, Fremont, and San Jose are all interconnected. The challenge for the intel tool is the outer ring. Cities like Vacaville and Fairfield 1 sit on the fence between the Bay Area and Sacramento. Operationally, they are often grouped with the Bay Area for long-distance airport runs (SFO), but they share commuter ties with Sacramento.The Central Valley SpineThe Central Valley operates as a chain of islands: Sacramento, Stockton, Modesto, Fresno, Visalia, Bakersfield. Each is a distinct market separated by farmland. The data supports this, showing clusters of small towns around each major city (e.g., Fowler and Selma around Fresno; Ceres and Salida around Modesto).4.2 Arizona: The Phoenix MonolithArizona’s data 1 confirms the dominance of the Phoenix Metropolitan Area. The list includes Phoenix, Scottsdale, Tempe, Mesa, Chandler, Gilbert, and Glendale. Unlike the distinct markets of the Bay Area, Phoenix functions as a massive, unified grid.However, the "exurbs" provide the nuance. Maricopa and Casa Grande are listed. These cities are geographically separated from Phoenix by tribal land or desert, yet they are tethered to it economically. The intel tool should categorize these as "Phoenix Fringe" markets—zones where availability might be spotty, and long pickup fees 10 likely apply.Independent markets appear in Flagstaff, Sedona, and Yuma. These are isolated by hundreds of miles of wilderness. They operate with their own isolated driver pools who rarely, if ever, interact with the Phoenix market.5. Regional Market Analysis: The Northeast & Mid-AtlanticWhile the snippet 1 focuses heavily on the South and West, references to Connecticut (CT) and Delaware (DE) allow us to reconstruct the market logic of the Northeast Corridor.5.1 Connecticut: The Commuter TributaryConnecticut 1 is unique because it lacks a singular dominant city on the scale of Los Angeles or Phoenix. Instead, it functions as a tributary to the New York City market. The southwestern portion of the state—Stamford, Greenwich, Norwalk—is effectively part of the NYC economic zone. However, regulatory boundaries (state lines) often prevent a full merger.The data lists a massive number of small towns: Ansonia, Berlin, Branford, Bristol. This granular coverage suggests a "Statewide Market" model, often used in smaller, dense states. In this model, a driver can theoretically operate anywhere in the state without "leaving" their market, although demand hotspots remain in cities like New Haven and Hartford.5.2 Delaware: The Beach vs. The BankDelaware 1 shows a bifurcation similar to Alabama.Northern Delaware (The Bank): Wilmington, Newark, Claymont. This is the corporate/urban center, functionally a satellite of Philadelphia (despite the state line).Southern Delaware (The Beach): Rehoboth Beach, Dewey Beach, Bethany Beach, Lewes. This is a purely seasonal tourism market. The inclusion of inland towns like Georgetown and Seaford suggests an effort to connect the beach economy with the workforce housing further west.6. International Market ContextThe user’s request explicitly asks to connect to a table of "Markets by State and Country." While the granular city lists provided in the snippets are US-focused, the research material offers critical insights into international structures that must be integrated into the tool.6.1 The United KingdomIn the UK, the "Market" definition is far more rigid due to council licensing authorities. As noted in snippet 4, Greenlight Hubs correspond to specific council clusters.London: A massive, distinct regulatory zone.The Midlands: Anchored by the Birmingham Greenlight Hub, covering Dudley, Solihull, Walsall, and Wolverhampton.The South Coast: The Brighton Hub covers Brighton & Hove, Lewes, and Chichester.Scotland: Edinburgh and Glasgow are distinct, separate markets.This differs from the US "sprawl" model. In the UK, crossing a council boundary can legally prohibit a driver from accepting a hail (though app-based pre-booking mitigates this). The intel tool must respect these "Council Clusters" as the defining market boundaries.6.2 Latin America: Brazil & MexicoSnippet 11 lists key Latin American hubs: Sao Paulo, Mexico City, Bogotá, Santiago. In these regions, markets are often synonymous with the metropolitan area but face unique challenges like "restricted zones" due to security concerns. The "City" list for Mexico 12 is extensive, implying that like the US, Mexico operates on a national coverage model where major metros anchor the surrounding regions.7. Operational Intelligence: Dynamic VariablesA static list of cities is insufficient for true market intelligence. The "Intel Tool" must account for the dynamic variables that shift these boundaries in real-time.7.1 Heatmaps and the "Offline" BoundaryThe "Offline Delivery Heatmap" 8 is a critical artifact. It reveals that Uber maintains specific market definitions for "Offline" viewing. The list includes "Lincoln, NE," "Abilene, TX," "Evansville, IN," and "Florida Keys, FL." These are not major Tier-1 cities. The fact that they have their own heatmaps indicates they are Independent Micro-Markets. They are large enough to require demand visualization but isolated enough to not be part of a larger state cluster. The tool should flag these as "Micro-Markets."7.2 The Mechanics of "Upfront Pricing"Snippet 14 and 10 discuss "Upfront Pricing." This feature is deployed market-by-market, not nationwide. When a market transitions to upfront pricing, the algorithmic definition of that market hardens. Drivers in these markets see the destination and fare beforehand. This fundamentally changes the liquidity of the market boundary. A driver in an Upfront Market is less likely to accept a ride taking them out of the market (the "deadhead" risk) because they can see it coming. This reinforces the "hard border" of the market.7.3 Greenlight Hubs as KeysThe most reliable way to link a "City" to a "Market" in your database is via the Greenlight Hub.5Method: If the city is "Covina, CA," and the nearest Greenlight Hub is "Covina, CA," then Covina is a Hub City.Method: If the city is "Tempe, AZ," and the nearest Hub is in "Tempe," it confirms Tempe's status as a core node.Method: For cities without hubs (e.g., Kingman, AZ), we look to the nearest DMA anchor or state hub.8. Technical Specification: The Intel ToolThis section provides the logic and architecture for the requested Intel Tool. This tool is designed to ingest the raw CSV provided in Section 9 and map it to your internal "Markets by State and Country" tables.8.1 Data ArchitectureTo successfully join the disparate datasets, we recommend a composite key strategy. Uber does not strictly adhere to FIPS (Federal Information Processing Standards) codes, so a fuzzy string-matching approach is often required for city names.Recommended Schema:Column NameData TypeDescriptionUber_City_IDSTRINGUnique hash of Country+State+CityName.Raw_City_NameSTRINGThe name as it appears in the Uber app (e.g., "St. Louis").Standardized_NameSTRINGCleaned name for joining (e.g., "SAINT LOUIS").State_ISOSTRINGISO 3166-2 subdivision code (e.g., "US-MO").Market_AnchorSTRINGThe computed "Parent Market" based on proximity logic.Is_Greenlight_HubBOOLEANTrue if a physical hub exists in this city.5DMA_RegionSTRINGThe Nielsen DMA associated with this city.38.2 The Matching LogicWhen implementing the tool, use the following hierarchy to assign the Market_Anchor:Direct Match: Does the city appear in the "Greenlight Hub" list? If yes, it is its own Market Anchor.DMA Match: Map the city to its Nielsen DMA. Use the primary city of the DMA as the Market Anchor. (e.g., Alabaster, AL -> Birmingham (Anniston-Tuscaloosa) DMA -> Market: Birmingham).Proximity Fallback: If no DMA data is available, calculate the Haversine distance to the nearest Greenlight Hub in the same state. If distance < 75 miles, assign to that Hub. If > 75 miles, flag as "Independent Rural Market."9. The Master Data Block (Raw CSV)The following data block is the core deliverable. It contains the exhaustive extraction of cities, categorized by State and their inferred Market Anchor based on the analysis of snippets 1, and.7Data Dictionary:State: Two-letter US State abbreviation.City: The municipality name.Market_Anchor: The major metropolitan area that operationally controls this city (Derived from DMA and Greenlight Hub proximity).Region_Type: "Core" (The anchor city), "Satellite" (Suburbs/Exurbs), or "Rural" (Isolated nodes).Code snippetState,City,Market_Anchor,Region_Type,Source_Ref
AL,Adamsville,Birmingham,Satellite,
AL,Alabaster,Birmingham,Satellite,
AL,Albertville,Huntsville,Rural,
AL,Anniston,Birmingham,Satellite,
AL,Arab,Huntsville,Rural,
AL,Ashford,Dothan,Satellite,
AL,Athens,Huntsville,Satellite,
AL,Auburn,Auburn,Core,
AL,Bayou La Batre,Mobile,Satellite,
AL,Bessemer,Birmingham,Satellite,
AL,Birmingham,Birmingham,Core,
AL,Boaz,Huntsville,Rural,
AL,Calera,Birmingham,Satellite,
AL,Center Point,Birmingham,Satellite,
AL,Chelsea,Birmingham,Satellite,
AL,Chickasaw,Mobile,Satellite,
AL,Childersburg,Birmingham,Rural,
AL,Clanton,Birmingham,Rural,
AL,Cullman,Huntsville,Rural,
AL,Daleville,Dothan,Satellite,
AL,Daphne,Mobile,Satellite,
AL,Decatur,Huntsville,Core,
AL,Dothan,Dothan,Core,
AL,Enterprise,Dothan,Satellite,
AL,Fairfield,Birmingham,Satellite,
AL,Fairhope,Mobile,Satellite,
AL,Florence,Florence,Core,
AL,Foley,Mobile,Satellite,
AL,Fultondale,Birmingham,Satellite,
AL,Gadsden,Birmingham,Satellite,
AL,Gardendale,Birmingham,Satellite,
AL,Grand Bay,Mobile,Rural,
AL,Graysville,Birmingham,Satellite,
AL,Gulf Shores,Mobile,Satellite,
AL,Guntersville,Huntsville,Rural,
AL,Gurley,Huntsville,Satellite,
AL,Hartselle,Huntsville,Satellite,
AL,Harvest,Huntsville,Satellite,
AL,Hazel Green,Huntsville,Satellite,
AL,Helena,Birmingham,Satellite,
AL,Hoover,Birmingham,Satellite,
AL,Huntsville,Huntsville,Core,
AL,Indian Springs,Birmingham,Satellite,
AL,Irondale,Birmingham,Satellite,
AL,Jacksonville,Birmingham,Satellite,
AL,Jasper,Birmingham,Rural,
AL,Killen,Florence,Satellite,
AL,Lanett,Auburn,Rural,
AL,Leeds,Birmingham,Satellite,
AL,Loxley,Mobile,Rural,
AL,Madison,Huntsville,Satellite,
AL,Meridianville,Huntsville,Satellite,
AL,Midfield,Birmingham,Satellite,
AL,Millbrook,Montgomery,Satellite,
AL,Mobile,Mobile,Core,
AL,Montevallo,Birmingham,Satellite,
AL,Montgomery,Montgomery,Core,
AL,Moody,Birmingham,Satellite,
AL,Mountain Brk,Birmingham,Satellite,
AL,Muscle Shoals,Florence,Satellite,
AL,Northport,Tuscaloosa,Satellite,
AL,Opelika,Auburn,Satellite,
AL,Orange Beach,Mobile,Satellite,
AL,Oxford,Birmingham,Satellite,
AL,Ozark,Dothan,Rural,
AL,Pelham,Birmingham,Satellite,
AL,Pell City,Birmingham,Satellite,
AL,Phenix City,Columbus (GA),Satellite,
AL,Piedmont,Birmingham,Rural,
AL,Pinson,Birmingham,Satellite,
AL,Pleasant Grove,Birmingham,Satellite,
AL,Prattville,Montgomery,Satellite,
AL,Prichard,Mobile,Satellite,
AL,Rainbow City,Birmingham,Satellite,
AL,Robertsdale,Mobile,Rural,
AL,Saraland,Mobile,Satellite,
AL,Semmes,Mobile,Satellite,
AL,Sheffield,Florence,Satellite,
AL,Southside,Birmingham,Satellite,
AL,Spanish Fort,Mobile,Satellite,
AL,Sylacauga,Birmingham,Rural,
AL,Talladega,Birmingham,Rural,
AL,Taylor,Dothan,Satellite,
AL,Trussville,Birmingham,Satellite,
AL,Tuscaloosa,Tuscaloosa,Core,
AL,Valley,Auburn,Rural,
AL,Vestavia,Birmingham,Satellite,
AL,Warrior,Birmingham,Rural,
AL,Wetumpka,Montgomery,Satellite,
AK,Anchorage,Anchorage,Core,
AK,Fairbanks,Fairbanks,Core,
AK,North Pole,Fairbanks,Satellite,
AK,Wasilla,Anchorage,Satellite,
AZ,Anthem,Phoenix,Satellite,
AZ,Apache Junction,Phoenix,Satellite,
AZ,Avondale,Phoenix,Satellite,
AZ,Buckeye,Phoenix,Satellite,
AZ,Bullhead City,Las Vegas (NV),Rural,
AZ,Casa Grande,Phoenix,Rural,
AZ,Cave Creek,Phoenix,Satellite,
AZ,Chandler,Phoenix,Core,
AZ,Coolidge,Phoenix,Rural,
AZ,El Mirage,Phoenix,Satellite,
AZ,Eloy,Phoenix,Rural,
AZ,Flagstaff,Flagstaff,Core,
AZ,Florence,Phoenix,Rural,
AZ,Fort Mohave,Las Vegas (NV),Rural,
AZ,Fountain Hills,Phoenix,Satellite,
AZ,Gilbert,Phoenix,Core,
AZ,Glendale,Phoenix,Core,
AZ,Gold Canyon,Phoenix,Satellite,
AZ,Goodyear,Phoenix,Satellite,
AZ,Green Valley,Tucson,Satellite,
AZ,Guadalupe,Phoenix,Satellite,
AZ,Kingman,Las Vegas (NV),Rural,
AZ,Lake Havasu City,Las Vegas (NV),Rural,
AZ,Litchfield Park,Phoenix,Satellite,
AZ,Maricopa,Phoenix,Rural,
AZ,Mesa,Phoenix,Core,
AZ,Nogales,Tucson,Rural,
AZ,Oro Valley,Tucson,Satellite,
AZ,Paradise Valley,Phoenix,Satellite,
AZ,Payson,Phoenix,Rural,
AZ,Peoria,Phoenix,Satellite,
AZ,Phoenix,Phoenix,Core,
AZ,Prescott,Prescott,Core,
AZ,Prescott Valley,Prescott,Satellite,
AZ,Queen Creek,Phoenix,Satellite,
AZ,Sahuarita,Tucson,Satellite,
AZ,San Tan Valley,Phoenix,Satellite,
AZ,Scottsdale,Phoenix,Core,
AZ,Sedona,Flagstaff,Rural,
AZ,Sierra Vista,Tucson,Rural,
AZ,Sun City,Phoenix,Satellite,
AZ,Sun City West,Phoenix,Satellite,
AZ,Sun Lakes,Phoenix,Satellite,
AZ,Surprise,Phoenix,Satellite,
AZ,Tempe,Phoenix,Core,
AZ,Tolleson,Phoenix,Satellite,
AZ,Tucson,Tucson,Core,
AZ,Vail,Tucson,Satellite,
AZ,Youngtown,Phoenix,Satellite,
AZ,Yuma,Yuma,Core,
AR,Alma,Fort Smith,Satellite,
AR,Barling,Fort Smith,Satellite,
AR,Batesville,Little Rock,Rural,
AR,Beebe,Little Rock,Satellite,
AR,Bella Vista,Fayetteville,Satellite,
AR,Benton,Little Rock,Satellite,
AR,Bentonville,Fayetteville,Core,
AR,Brookland,Jonesboro,Satellite,
AR,Bryant,Little Rock,Satellite,
AR,Cabot,Little Rock,Satellite,
AR,Cave Springs,Fayetteville,Satellite,
AR,Centerton,Fayetteville,Satellite,
AR,Clarksville,Fort Smith,Rural,
AR,Conway,Little Rock,Satellite,
AR,Dardanelle,Russellville,Satellite,
AR,Elkins,Fayetteville,Satellite,
AR,Eureka Springs,Fayetteville,Rural,
AR,Farmington,Fayetteville,Satellite,
AR,Fayetteville,Fayetteville,Core,
AR,Fort Smith,Fort Smith,Core,
AR,Gentry,Fayetteville,Rural,
AR,Greenbrier,Little Rock,Rural,
AR,Greenwood,Fort Smith,Satellite,
AR,Hensley,Little Rock,Rural,
AR,Hot Springs,Hot Springs,Core,
AR,Jacksonville,Little Rock,Satellite,
AR,Jonesboro,Jonesboro,Core,
AR,Little Rock,Little Rock,Core,
AR,Lowell,Fayetteville,Satellite,
AR,Marion,Memphis (TN),Satellite,
AR,Maumelle,Little Rock,Satellite,
AR,Mountain Home,Little Rock,Rural,
AR,North Little Rock,Little Rock,Core,
AR,Paragould,Jonesboro,Satellite,
AR,Pea Ridge,Fayetteville,Satellite,
AR,Pine Bluff,Little Rock,Satellite,
AR,Rogers,Fayetteville,Core,
AR,Russellville,Russellville,Core,
AR,Searcy,Little Rock,Rural,
AR,Sherwood,Little Rock,Satellite,
AR,Siloam Springs,Fayetteville,Satellite,
AR,Springdale,Fayetteville,Satellite,
AR,Texarkana,Texarkana,Core,
AR,Van Buren,Fort Smith,Satellite,
AR,West Memphis,Memphis (TN),Satellite,
AR,White Hall,Little Rock,Satellite,
AR,Wynne,Jonesboro,Rural,
CA,Acton,Los Angeles,Rural,
CA,Adelanto,Inland Empire,Rural,
CA,Agoura Hills,Los Angeles,Satellite,
CA,Alameda,San Francisco,Satellite,
CA,Alamo,San Francisco,Satellite,
CA,Albany,San Francisco,Satellite,
CA,Alhambra,Los Angeles,Satellite,
CA,Aliso Viejo,Orange County,Satellite,
CA,Alpine,San Diego,Rural,
CA,Altadena,Los Angeles,Satellite,
CA,American Canyon,San Francisco,Satellite,
CA,Anaheim,Orange County,Core,
CA,Anderson,Redding,Satellite,
CA,Antelope,Sacramento,Satellite,
CA,Antioch,San Francisco,Satellite,
CA,Apple Valley,Inland Empire,Satellite,
CA,Aptos,Santa Cruz,Satellite,
CA,Arcadia,Los Angeles,Satellite,
CA,Arcata,Eureka,Satellite,
CA,Arroyo Grande,San Luis Obispo,Satellite,
CA,Artesia,Los Angeles,Satellite,
CA,Arvin,Bakersfield,Satellite,
CA,Atascadero,San Luis Obispo,Satellite,
CA,Atwater,Merced,Satellite,
CA,Auburn,Sacramento,Rural,
CA,Azusa,Los Angeles,Satellite,
CA,Bakersfield,Bakersfield,Core,
CA,Baldwin Park,Los Angeles,Satellite,
CA,Banning,Inland Empire,Rural,
CA,Barstow,Inland Empire,Rural,
CA,Bay Point,San Francisco,Satellite,
CA,Beaumont,Inland Empire,Satellite,
CA,Bell,Los Angeles,Satellite,
CA,Bell Gardens,Los Angeles,Satellite,
CA,Bellflower,Los Angeles,Satellite,
CA,Belmont,San Francisco,Satellite,
CA,Ben Lomond,Santa Cruz,Rural,
CA,Benicia,San Francisco,Satellite,
CA,Berkeley,San Francisco,Core,
CA,Bermuda Dunes,Palm Springs,Satellite,
CA,Beverly Hills,Los Angeles,Core,
CA,Bloomington,Inland Empire,Satellite,
CA,Blythe,Palm Springs,Rural,
CA,Bonita,San Diego,Satellite,
CA,Bonsall,San Diego,Rural,
CA,Brawley,Imperial Valley,Rural,
CA,Brea,Orange County,Satellite,
CA,Brentwood,San Francisco,Satellite,
CA,Brisbane,San Francisco,Satellite,
CA,Buellton,Santa Barbara,Rural,
CA,Buena Park,Orange County,Satellite,
CA,Burbank,Los Angeles,Core,
CA,Burlingame,San Francisco,Satellite,
CA,Cabazon,Inland Empire,Rural,
CA,Calabasas,Los Angeles,Satellite,
CA,Calexico,Imperial Valley,Rural,
CA,Calimesa,Inland Empire,Satellite,
CA,Calistoga,Napa Valley,Rural,
CA,Camarillo,Ventura,Satellite,
CA,Cameron Park,Sacramento,Satellite,
CA,Campbell,San Francisco,Satellite,
CA,Canyon Lake,Inland Empire,Satellite,
CA,Capitola,Santa Cruz,Satellite,
CA,Carlsbad,San Diego,Satellite,
CA,Carmel,Monterey,Satellite,
CA,Carmichael,Sacramento,Satellite,
CA,Carpinteria,Santa Barbara,Satellite,
CA,Carson,Los Angeles,Satellite,
CA,Castaic,Los Angeles,Rural,
CA,Castro Valley,San Francisco,Satellite,
CA,Castroville,Monterey,Satellite,
CA,Cathedral City,Palm Springs,Satellite,
CA,Ceres,Modesto,Satellite,
CA,Cerritos,Los Angeles,Satellite,
CA,Chico,Chico,Core,
CA,Chino,Inland Empire,Satellite,
CA,Chino Hills,Inland Empire,Satellite,
CA,Chula Vista,San Diego,Core,
CA,Citrus Heights,Sacramento,Satellite,
CA,City of Industry,Los Angeles,Satellite,
CA,Claremont,Los Angeles,Satellite,
CA,Clayton,San Francisco,Satellite,
CA,Cloverdale,Sonoma,Rural,
CA,Clovis,Fresno,Satellite,
CA,Coachella,Palm Springs,Satellite,
CA,Colma,San Francisco,Satellite,
CA,Colton,Inland Empire,Satellite,
CA,Commerce,Los Angeles,Satellite,
CA,Compton,Los Angeles,Satellite,
CA,Concord,San Francisco,Satellite,
CA,Corona,Inland Empire,Satellite,
CA,Coronado,San Diego,Satellite,
CA,Corte Madera,San Francisco,Satellite,
CA,Costa Mesa,Orange County,Satellite,
CA,Cotati,Sonoma,Satellite,
CA,Covina,Los Angeles,Satellite,
CA,Crestline,Inland Empire,Rural,
CA,Cudahy,Los Angeles,Satellite,
CA,Culver City,Los Angeles,Core,
CA,Cupertino,San Francisco,Satellite,
CA,Cypress,Orange County,Satellite,
CA,Daly City,San Francisco,Satellite,
CA,Dana Point,Orange County,Satellite,
CA,Danville,San Francisco,Satellite,
CA,Davis,Sacramento,Satellite,
CA,Del Mar,San Diego,Satellite,
CA,Delhi,Merced,Rural,
CA,Denair,Modesto,Rural,
CA,Desert Hot Springs,Palm Springs,Satellite,
CA,Diamond Bar,Los Angeles,Satellite,
CA,Dinuba,Visalia,Satellite,
CA,Discovery Bay,San Francisco,Satellite,
CA,Dixon,Sacramento,Rural,
CA,Downey,Los Angeles,Satellite,
CA,Duarte,Los Angeles,Satellite,
CA,Dublin,San Francisco,Satellite,
CA,East Palo Alto,San Francisco,Satellite,
CA,El Cajon,San Diego,Satellite,
CA,El Centro,Imperial Valley,Core,
CA,El Cerrito,San Francisco,Satellite,
CA,El Dorado Hills,Sacramento,Satellite,
CA,El Monte,Los Angeles,Satellite,
CA,El Segundo,Los Angeles,Satellite,
CA,El Sobrante,San Francisco,Satellite,
CA,Elk Grove,Sacramento,Satellite,
CA,Elverta,Sacramento,Rural,
CA,Emerald Hills,San Francisco,Satellite,
CA,Emeryville,San Francisco,Satellite,
CA,Encinitas,San Diego,Satellite,
CA,Escondido,San Diego,Satellite,
CA,Eureka,Eureka,Core,
CA,Exeter,Visalia,Satellite,
CA,Fair Oaks,Sacramento,Satellite,
CA,Fairfax,San Francisco,Satellite,
CA,Fairfield,San Francisco,Satellite,
CA,Fallbrook,San Diego,Rural,
CA,Farmersville,Visalia,Satellite,
CA,Felton,Santa Cruz,Rural,
CA,Fillmore,Ventura,Rural,
CA,Folsom,Sacramento,Satellite,
CA,Fontana,Inland Empire,Core,
CA,Foster City,San Francisco,Satellite,
CA,Fountain Valley,Orange County,Satellite,
CA,Fowler,Fresno,Satellite,
CA,Fremont,San Francisco,Core,
CA,Fresno,Fresno,Core,
CA,Fullerton,Orange County,Satellite,
CA,Galt,Sacramento,Rural,
CA,Garden Grove,Orange County,Satellite,
CA,Gardena,Los Angeles,Satellite,
CA,Gilroy,San Francisco,Rural,
CA,Glen Ellen,Sonoma,Rural,
CA,Glendale,Los Angeles,Core,
CA,Glendora,Los Angeles,Satellite,
CA,Gold River,Sacramento,Satellite,
CA,Goleta,Santa Barbara,Satellite,
CA,Gonzales,Salinas,Rural,
CA,Grand Terrace,Inland Empire,Satellite,
CA,Granite Bay,Sacramento,Satellite,
CA,Grass Valley,Sacramento,Rural,
CA,Greenfield,Salinas,Rural,
CA,Grover Beach,San Luis Obispo,Satellite,
CA,Guerneville,Sonoma,Rural,
CA,Hacienda Heights,Los Angeles,Satellite,
CA,Half Moon Bay,San Francisco,Rural,
CA,Hanford,Visalia,Satellite,
CA,Harbor City,Los Angeles,Satellite,
CA,Hawaiian Gardens,Los Angeles,Satellite,
CA,Hawthorne,Los Angeles,Satellite,
CA,Hayward,San Francisco,Core,
CA,Healdsburg,Sonoma,Satellite,
CA,Hemet,Inland Empire,Satellite,
CA,Hercules,San Francisco,Satellite,
CA,Hermosa Beach,Los Angeles,Satellite,
CA,Hesperia,Inland Empire,Core,
CA,Highland,Inland Empire,Satellite,
CA,Hilmar,Merced,Rural,
CA,Hollister,Salinas,Satellite,
CA,Hughson,Modesto,Rural,
CA,Huntington Beach,Orange County,Core,
CA,Huntington Park,Los Angeles,Satellite,
CA,Imperial,Imperial Valley,Satellite,
CA,Imperial Beach,San Diego,Satellite,
CA,Indian Wells,Palm Springs,Satellite,
CA,Indio,Palm Springs,Core,
CA,Inglewood,Los Angeles,Core,
CA,Irvine,Orange County,Core,
CA,Irwindale,Los Angeles,Satellite,
CA,Jamul,San Diego,Rural,
CA,Joshua Tree,Palm Springs,Rural,
CA,Kentfield,San Francisco,Satellite,
CA,Kerman,Fresno,Rural,
CA,King City,Salinas,Rural,
CA,Kings Beach,Lake Tahoe,Satellite,
CA,Kingsburg,Fresno,Satellite,
CA,La Crescenta,Los Angeles,Satellite,
CA,LA Habra,Orange County,Satellite,
CA,La Mesa,San Diego,Satellite,
CA,La Mirada,Los Angeles,Satellite,
CA,LA Palma,Orange County,Satellite,
CA,LA Puente,Los Angeles,Satellite,
CA,LA Quinta,Palm Springs,Satellite,
CA,La Verne,Los Angeles,Satellite,
CA,Lafayette,San Francisco,Satellite,
CA,Laguna Beach,Orange County,Satellite,
CA,Laguna Hills,Orange County,Satellite,
CA,Laguna Niguel,Orange County,Satellite,
CA,Laguna Woods,Orange County,Satellite,
CA,Lake Arrowhead,Inland Empire,Rural,
CA,Lake Elsinore,Inland Empire,Satellite,
CA,Lake Forest,Orange County,Satellite,
CA,Lakeside,San Diego,Satellite,
CA,Lakewood,Los Angeles,Satellite,
CA,Lamont,Bakersfield,Satellite,
CA,Lancaster,Los Angeles,Satellite,
CA,Larkspur,San Francisco,Satellite,
CA,Las Flores,Orange County,Satellite,
CA,Lathrop,Stockton,Satellite,
CA,Lawndale,Los Angeles,Satellite,
CA,Lemon Grove,San Diego,Satellite,
CA,Lemoore,Visalia,Satellite,
CA,Lincoln,Sacramento,Satellite,
CA,Linda,Yuba City,Satellite,
CA,Lindsay,Visalia,Satellite,
CA,Littlerock,Los Angeles,Rural,
CA,Livermore,San Francisco,Satellite,
CA,Livingston,Merced,Satellite,
CA,Lodi,Stockton,Satellite,
CA,Loma Linda,Inland Empire,Satellite,
CA,Lomita,Los Angeles,Satellite,
CA,Lompoc,Santa Barbara,Satellite,
CA,Long Beach,Los Angeles,Core,
CA,Loomis,Sacramento,Satellite,
CA,Los Alamitos,Orange County,Satellite,
CA,Los Altos,San Francisco,Satellite,
CA,Los Angeles,Los Angeles,Core,
CA,Los Gatos,San Francisco,Satellite,
CA,Los Osos,San Luis Obispo,Satellite,
CA,Lynwood,Los Angeles,Satellite,
CA,Madera,Fresno,Satellite,
CA,Malibu,Los Angeles,Satellite,
CA,Manhattan Beach,Los Angeles,Satellite,
CA,Manteca,Stockton,Satellite,
CA,Marina,Monterey,Satellite,
CA,Martinez,San Francisco,Satellite,
CA,Marysville,Yuba City,Core,
CA,Mather,Sacramento,Satellite,
CA,Maywood,Los Angeles,Satellite,
CA,McClellan,Sacramento,Satellite,
CA,McKinleyville,Eureka,Satellite,
CA,Menifee,Inland Empire,Satellite,
CA,Menlo Park,San Francisco,Core,
CA,Mentone,Inland Empire,Satellite,
CA,Merced,Merced,Core,
CA,Mill Valley,San Francisco,Satellite,
CA,Millbrae,San Francisco,Satellite,
CA,Milpitas,San Francisco,Satellite,
CA,Mission Viejo,Orange County,Satellite,
CA,Modesto,Modesto,Core,
CA,Monrovia,Los Angeles,Satellite,
CA,Montclair,Inland Empire,Satellite,
CA,Montebello,Los Angeles,Satellite,
CA,Monterey,Monterey,Core,
CA,Monterey Park,Los Angeles,Satellite,
CA,Moorpark,Ventura,Satellite,
CA,Moraga,San Francisco,Satellite,
CA,Moreno Valley,Inland Empire,Core,
CA,Morgan Hill,San Francisco,Satellite,
CA,Morro Bay,San Luis Obispo,Satellite,
CA,Mountain View,San Francisco,Core,
CA,Murrieta,Inland Empire,Satellite,
CA,Napa,Napa Valley,Core,
CA,National City,San Diego,Satellite,
CA,Newark,San Francisco,Satellite,
CA,Newcastle,Sacramento,Satellite,
CA,Newport Beach,Orange County,Core,
CA,Nipomo,San Luis Obispo,Satellite,
CA,Norco,Inland Empire,Satellite,
CA,North Highlands,Sacramento,Satellite,
CA,Norwalk,Los Angeles,Satellite,
CA,Novato,San Francisco,Satellite,
CA,Nuevo,Inland Empire,Rural,
CA,Oak Hills,Inland Empire,Rural,
CA,Oak Park,Ventura,Satellite,
CA,Oakdale,Modesto,Satellite,
CA,Oakland,San Francisco,Core,
CA,Oakley,San Francisco,Satellite,
CA,Oceano,San Luis Obispo,Satellite,
CA,Oceanside,San Diego,Core,
CA,Ojai,Ventura,Satellite,
CA,Olivehurst,Yuba City,Satellite,
CA,Ontario,Inland Empire,Core,
CA,Orange,Orange County,Satellite,
CA,Orangevale,Sacramento,Satellite,
CA,Orinda,San Francisco,Satellite,
CA,Orosi,Visalia,Rural,
CA,Oxnard,Ventura,Core,
CA,Pacheco,San Francisco,Satellite,
CA,Pacific Grove,Monterey,Satellite,
CA,Pacifica,San Francisco,Satellite,
CA,Palm Desert,Palm Springs,Satellite,
CA,Palm Springs,Palm Springs,Core,
CA,Palmdale,Los Angeles,Satellite,
CA,Palo Alto,San Francisco,Core,
CA,Palos Verdes Estates,Los Angeles,Satellite,
CA,Paradise,Chico,Satellite,
CA,Paramount,Los Angeles,Satellite,
CA,Parlier,Fresno,Rural,
CA,Pasadena,Los Angeles,Core,
CA,Paso Robles,San Luis Obispo,Satellite,
CA,Penngrove,Sonoma,Satellite,
CA,Perris,Inland Empire,Satellite,
CA,Petaluma,Sonoma,Satellite,
CA,Phelan,Inland Empire,Rural,
CA,Pico Rivera,Los Angeles,Satellite,
CA,Piedmont,San Francisco,Satellite,
CA,Pinole,San Francisco,Satellite,
CA,Pismo Beach,San Luis Obispo,Satellite,
CA,Pittsburg,San Francisco,Satellite,
CA,Placentia,Orange County,Satellite,
CA,Placerville,Sacramento,Satellite,
CA,Pleasant Hill,San Francisco,Satellite,
CA,Pleasanton,San Francisco,Satellite,
CA,Pomona,Los Angeles,Satellite,
CA,Port Hueneme,Ventura,Satellite,
CA,Porterville,Visalia,Satellite,
CA,Portola Valley,San Francisco,Satellite,
CA,Poway,San Diego,Satellite,
CA,Quartz Hill,Los Angeles,Satellite,
CA,Ramona,San Diego,Rural,
CA,Rancho Cordova,Sacramento,Satellite,
CA,Rancho Cucamonga,Inland Empire,Core,
CA,Rancho Mirage,Palm Springs,Satellite,
CA,Rancho Palos Verdes,Los Angeles,Satellite,
CA,Rancho Santa Fe,San Diego,Satellite,
CA,Rancho Santa Margarita,Orange County,Satellite,
CA,Redding,Redding,Core,
CA,Redlands,Inland Empire,Satellite,
CA,Redondo Beach,Los Angeles,Satellite,
CA,Redwood City,San Francisco,Satellite,
CA,Reedley,Fresno,Satellite,
CA,Rialto,Inland Empire,Satellite,
CA,Richmond,San Francisco,Satellite,
CA,Ridgecrest,Bakersfield,Rural,
CA,Rio Linda,Sacramento,Satellite,
CA,Rio Vista,San Francisco,Rural,
CA,Ripon,Stockton,Satellite,
CA,Riverbank,Modesto,Satellite,
CA,Riverside,Inland Empire,Core,
CA,Rocklin,Sacramento,Satellite,
CA,Rodeo,San Francisco,Satellite,
CA,Rohnert Park,Sonoma,Satellite,
CA,Rolling Hills Estates,Los Angeles,Satellite,
CA,Rosamond,Bakersfield,Rural,
CA,Rosemead,Los Angeles,Satellite,
CA,Roseville,Sacramento,Satellite,
CA,Ross,San Francisco,Satellite,
CA,Rowland Heights,Los Angeles,Satellite,
CA,Sacramento,Sacramento,Core,
CA,Saint Helena,Napa Valley,Satellite,
CA,Salida,Modesto,Satellite,
CA,Salinas,Salinas,Core,
CA,San Anselmo,San Francisco,Satellite,
CA,San Bernardino,Inland Empire,Core,
CA,San Bruno,San Francisco,Satellite,
CA,San Carlos,San Francisco,Satellite,
CA,San Clemente,Orange County,Satellite,
CA,San Diego,San Diego,Core,
CA,San Dimas,Los Angeles,Satellite,
CA,San Fernando,Los Angeles,Satellite,
CA,San Francisco,San Francisco,Core,
CA,San Gabriel,Los Angeles,Satellite,
CA,San Jacinto,Inland Empire,Satellite,
CA,San Jose,San Francisco,Core,
CA,San Juan Capistrano,Orange County,Satellite,
CA,San Leandro,San Francisco,Satellite,
CA,San Lorenzo,San Francisco,Satellite,
CA,San Luis Obispo,San Luis Obispo,Core,
CA,San Marcos,San Diego,Satellite,
CA,San Marino,Los Angeles,Satellite,
CA,San Mateo,San Francisco,Satellite,
CA,San Pablo,San Francisco,Satellite,
CA,San Rafael,San Francisco,Satellite,
CA,San Ramon,San Francisco,Satellite,
CA,Sand City,Monterey,Satellite,
CA,Sanger,Fresno,Satellite,
CA,Santa Ana,Orange County,Core,
CA,Santa Barbara,Santa Barbara,Core,
CA,Santa Clara,San Francisco,Satellite,
CA,Santa Clarita,Los Angeles,Satellite,
CA,Santa Cruz,Santa Cruz,Core,
CA,Santa Fe Springs,Los Angeles,Satellite,
CA,Santa Maria,Santa Barbara,Satellite,
CA,Santa Monica,Los Angeles,Core,
CA,Santa Paula,Ventura,Satellite,
CA,Santa Rosa,Sonoma,Core,
CA,Santee,San Diego,Satellite,
CA,Saratoga,San Francisco,Satellite,
CA,Sausalito,San Francisco,Satellite,
CA,Scot Valley,Santa Cruz,Satellite,
CA,Seal Beach,Orange County,Satellite,
CA,Seaside,Monterey,Satellite,
CA,Sebastopol,Sonoma,Satellite,
CA,Selma,Fresno,Satellite,
CA,Shafter,Bakersfield,Satellite,
CA,Shasta Lake,Redding,Satellite,
CA,Sheridan,Sacramento,Rural,
CA,Sierra Madre,Los Angeles,Satellite,
CA,Signal Hill,Los Angeles,Satellite,
CA,Simi Valley,Ventura,Satellite,
CA,Solana Beach,San Diego,Satellite,
CA,Soledad,Salinas,Rural,
CA,Solvang,Santa Barbara,Satellite,
CA,Sonoma,Sonoma,Core,
CA,Sonora,Modesto,Rural,
CA,Soquel,Santa Cruz,Satellite,
CA,South El Monte,Los Angeles,Satellite,
CA,South Gate,Los Angeles,Satellite,
CA,South Lake Tahoe,Lake Tahoe,Core,
CA,South Pasadena,Los Angeles,Satellite,
CA,South San Francisco,San Francisco,Satellite,
CA,Spring Valley,San Diego,Satellite,
CA,Stanford,San Francisco,Satellite,
CA,Stanton,Orange County,Satellite,
CA,Stevenson Ranch,Los Angeles,Satellite,
CA,Stockton,Stockton,Core,
CA,Suisun City,San Francisco,Satellite,
CA,Sunnyvale,San Francisco,Satellite,
CA,Tahoe City,Lake Tahoe,Satellite,
CA,Tahoe Vista,Lake Tahoe,Satellite,
CA,Tehachapi,Bakersfield,Rural,
CA,Temecula,Inland Empire,Satellite,
CA,Temple City,Los Angeles,Satellite,
CA,Templeton,San Luis Obispo,Satellite,
CA,Thousand Oaks,Ventura,Satellite,
CA,Thousand Palms,Palm Springs,Satellite,
CA,Tiburon,San Francisco,Satellite,
CA,Topanga,Los Angeles,Satellite,
CA,Torrance,Los Angeles,Satellite,
CA,Tracy,Stockton,Satellite,
CA,Truckee,Lake Tahoe,Satellite,
CA,Tulare,Visalia,Satellite,
CA,Turlock,Modesto,Satellite,
CA,Tustin,Orange County,Satellite,
CA,Twentynine Palms,Inland Empire,Rural,
CA,Ukiah,Ukiah,Core,
CA,Union City,San Francisco,Satellite,
CA,Upland,Inland Empire,Satellite,
CA,Vacaville,San Francisco,Satellite,
CA,Vallejo,San Francisco,Satellite,
CA,Valley Center,San Diego,Rural,
CA,Ventura,Ventura,Core,
CA,Vernon,Los Angeles,Satellite,
CA,Victorville,Inland Empire,Core,
CA,Villa Park,Orange County,Satellite,
CA,Visalia,Visalia,Core,
CA,Vista,San Diego,Satellite,
CA,Walnut,Los Angeles,Satellite,
CA,Walnut Creek,San Francisco,Satellite,
CA,Wasco,Bakersfield,Satellite,
CA,Waterford,Modesto,Satellite,
CA,Watsonville,Santa Cruz,Satellite,
CA,West Covina,Los Angeles,Satellite,
CA,West Hollywood,Los Angeles,Satellite,
CA,West Sacramento,Sacramento,Satellite,
CA,Westlake Village,Los Angeles,Satellite,
CA,Westminster,Orange County,Satellite,
CA,Whittier,Los Angeles,Satellite,
CA,Wildomar,Inland Empire,Satellite,
CA,Winchester,Inland Empire,Satellite,
CA,Windsor,Sonoma,Satellite,
CA,Winton,Merced,Satellite,
CA,Woodbridge,Stockton,Satellite,
CA,Woodland,Sacramento,Satellite,
CA,Yorba Linda,Orange County,Satellite,
CA,Yuba City,Yuba City,Core,
CA,Yucaipa,Inland Empire,Satellite,
CA,Yucca Valley,Inland Empire,Rural,
TX,Abilene,Abilene,Core,[15]
TX,Allen,Dallas-Fort Worth,Satellite,[15]
TX,Amarillo,Amarillo,Core,[15]
TX,Arlington,Dallas-Fort Worth,Core,[15]
TX,Austin,Austin,Core,[15]
TX,Baytown,Houston,Satellite,[15]
TX,Beaumont,Beaumont,Core,[15]
TX,College Station,College Station,Core,[15]
TX,Conroe,Houston,Satellite,[15]
TX,Corpus Christi,Corpus Christi,Core,[15]
TX,Dallas,Dallas-Fort Worth,Core,[15]
TX,Denton,Dallas-Fort Worth,Satellite,[15]
TX,El Paso,El Paso,Core,[15]
TX,Fort Worth,Dallas-Fort Worth,Core,[15]
TX,Frisco,Dallas-Fort Worth,Satellite,[15]
TX,Galveston,Houston,Satellite,[15]
TX,Garland,Dallas-Fort Worth,Satellite,[15]
TX,Grand Prairie,Dallas-Fort Worth,Satellite,[15]
TX,Houston,Houston,Core,[15]
TX,Irving,Dallas-Fort Worth,Satellite,[15]
TX,Katy,Houston,Satellite,[15]
TX,Laredo,Laredo,Core,[15]
TX,Lewisville,Dallas-Fort Worth,Satellite,[15]
TX,Longview,Longview,Core,[15]
TX,Lubbock,Lubbock,Core,[15]
TX,McAllen,McAllen,Core,[15]
TX,McKinney,Dallas-Fort Worth,Satellite,[15]
TX,Mesquite,Dallas-Fort Worth,Satellite,[15]
TX,Midland,Midland-Odessa,Core,[15]
TX,New Braunfels,San Antonio,Satellite,[15]
TX,Odessa,Midland-Odessa,Core,[15]
TX,Pasadena,Houston,Satellite,[15]
TX,Pearland,Houston,Satellite,[15]
TX,Plano,Dallas-Fort Worth,Core,[15]
TX,Richardson,Dallas-Fort Worth,Satellite,[15]
TX,Round Rock,Austin,Satellite,[15]
TX,San Angelo,San Angelo,Core,[15]
TX,San Antonio,San Antonio,Core,[15]
TX,San Marcos,Austin,Satellite,[15]
TX,Sugar Land,Houston,Satellite,[15]
TX,Temple,Killeen-Temple,Core,[15]
TX,The Woodlands,Houston,Satellite,[15]
TX,Tyler,Tyler,Core,[15]
TX,Victoria,Victoria,Core,[15]
TX,Waco,Waco,Core,[15]
TX,Wichita Falls,Wichita Falls,Core,[15]
CO,Arvada,Denver,Satellite,
CO,Aurora,Denver,Core,
CO,Avon,Vail,Satellite,
CO,Basalt,Aspen,Satellite,
CO,Berthoud,Fort Collins,Satellite,
CO,Boulder,Boulder,Core,
CO,Breckenridge,Summit County,Core,
CO,Brighton,Denver,Satellite,
CO,Broomfield,Denver,Satellite,
CO,Carbondale,Aspen,Satellite,
CO,Castle Pines,Denver,Satellite,
CO,Castle Rock,Denver,Satellite,
CO,Centennial,Denver,Satellite,
CO,Clifton,Grand Junction,Satellite,
CO,Colorado Springs,Colorado Springs,Core,
CO,Commerce City,Denver,Satellite,
CO,Denver,Denver,Core,
CO,Dillon,Summit County,Satellite,
CO,Durango,Durango,Core,
CO,Eaton,Greeley,Satellite,
CO,Edgewater,Denver,Satellite,
CO,Englewood,Denver,Satellite,
CO,Erie,Denver,Satellite,
CO,Evans,Greeley,Satellite,
CO,Evergreen,Denver,Rural,
CO,Federal Heights,Denver,Satellite,
CO,Firestone,Denver,Satellite,
CO,Fort Carson,Colorado Springs,Satellite,
CO,Fort Collins,Fort Collins,Core,
CO,Fort Lupton,Denver,Rural,
CO,Fountain,Colorado Springs,Satellite,
CO,Frederick,Denver,Satellite,
CO,Fruita,Grand Junction,Satellite,
CO,Garden City,Greeley,Satellite,
CO,Glenwood Springs,Aspen,Rural,
CO,Golden,Denver,Satellite,
CO,Grand Junction,Grand Junction,Core,
CO,Greeley,Greeley,Core,
CO,Greenwood Village,Denver,Satellite,
CO,Highlands Ranch,Denver,Satellite,
CO,Johnstown,Fort Collins,Satellite,
CO,La Salle,Greeley,Satellite,
CO,Lafayette,Boulder,Satellite,
CO,Lakewood,Denver,Satellite,
CO,Littleton,Denver,Satellite,
CO,Lochbuie,Denver,Rural,
CO,Lone Tree,Denver,Satellite,
CO,Longmont,Boulder,Satellite,
CO,Louisville,Boulder,Satellite,
CO,Loveland,Fort Collins,Core,
CO,Manitou Springs,Colorado Springs,Satellite,
CO,Mead,Denver,Rural,
CO,Milliken,Greeley,Satellite,
CO,Monument,Colorado Springs,Satellite,
CO,Morrison,Denver,Satellite,
CO,Northglenn,Denver,Satellite,
CO,Parker,Denver,Satellite,
CO,Pueblo,Pueblo,Core,
CO,Silverthorne,Summit County,Satellite,
CO,Steamboat Springs,Steamboat Springs,Core,
CO,Superior,Boulder,Satellite,
CO,Thornton,Denver,Satellite,
CO,Timnath,Fort Collins,Satellite,
CO,Vail,Vail,Core,
CO,Wellington,Fort Collins,Satellite,
CO,Westminster,Denver,Satellite,
CO,Wheat Ridge,Denver,Satellite,
CO,Windsor,Fort Collins,Satellite,
CO,Woodland Park,Colorado Springs,Rural,
CT,Ansonia,New Haven,Satellite,
CT,Berlin,Hartford,Satellite,
CT,Bethel,Danbury,Satellite,
CT,Bloomfield,Hartford,Satellite,
CT,Branford,New Haven,Satellite,
CT,Bridgeport,Bridgeport,Core,
CT,Bristol,Hartford,Satellite,
CT,Broad Brook,Hartford,Rural,
CT,Brooklyn,Willimantic,Rural,
CT,Canton,Hartford,Rural,
CT,Cheshire,New Haven,Satellite,
CT,Clinton,New Haven,Rural,
CT,Colchester,Hartford,Rural,
CT,Collinsville,Hartford,Rural,
CT,Cos Cob,Stamford,Satellite,
CT,Coventry,Hartford,Rural,
CT,Danbury,Danbury,Core,
CT,Darien,Stamford,Satellite,
CT,Deep River,New Haven,Rural,
CT,Derby,New Haven,Satellite,
CT,Durham,New Haven,Rural,
CT,East Hampton,Hartford,Rural,
CT,East Hartford,Hartford,Satellite,
CT,East Haven,New Haven,Satellite,
CT,Enfield,Hartford,Satellite,
CT,Essex,New Haven,Rural,
CT,Gales Ferry,New London,Satellite,
CT,Glastonbury,Hartford,Satellite,
CT,Granby,Hartford,Rural,
CT,Greenwich,Stamford,Core,
CT,Griswold,Norwich,Rural,
CT,Groton,New London,Core,
CT,Guilford,New Haven,Satellite,
CT,Hartford,Hartford,Core,
CT,Ledyard,New London,Rural,
CT,Madison,New Haven,Rural,
CT,Manchester,Hartford,Satellite,
CT,Marlborough,Hartford,Rural,
CT,Meriden,New Haven,Satellite,
CT,Middletown,Hartford,Core,
CT,Milford,New Haven,Satellite,
CT,Mystic,New London,Satellite,
CT,Naugatuck,Waterbury,Satellite,
CT,New Britain,Hartford,Satellite,
CT,New Hartford,Hartford,Rural,
CT,New Haven,New Haven,Core,
CT,New London,New London,Core,
CT,New Milford,Danbury,Rural,
CT,Newington,Hartford,Satellite,
CT,Newtown,Danbury,Rural,
CT,Niantic,New London,Satellite,
CT,North Haven,New Haven,Satellite,
CT,Norwalk,Norwalk,Core,
CT,Norwich,Norwich,Core,
CT,Old Greenwich,Stamford,Satellite,
CT,Old Saybrook,New Haven,Rural,
CT,Orange,New Haven,Satellite,
CT,Pawcatuck,New London,Satellite,
CT,Plantsville,Hartford,Rural,
CT,Port Chester,Stamford,Satellite,
CT,Portland,Hartford,Satellite,
CT,Putnam,Willimantic,Rural,
CT,Ridgefield,Danbury,Satellite,
CT,Riverside,Stamford,Satellite,
CT,Rye Brook,Stamford,Satellite,
CT,Shelton,Bridgeport,Satellite,
CT,Simsbury,Hartford,Satellite,
CT,Southport,Bridgeport,Satellite,
CT,Stafford Springs,Hartford,Rural,
CT,Stamford,Stamford,Core,
CT,Storrs Mansfield,Hartford,Rural,
CT,Stratford,Bridgeport,Satellite,
CT,Suffield,Hartford,Rural,
CT,Tariffville,Hartford,Rural,
CT,Terryville,Waterbury,Rural,
CT,Thomaston,Waterbury,Rural,
CT,Torrington,Torrington,Core,
CT,Trumbull,Bridgeport,Satellite,
CT,Uncasville,New London,Satellite,
CT,Vernon,Hartford,Satellite,
CT,Wallingford,New Haven,Satellite,
CT,Waterbury,Waterbury,Core,
CT,Waterford,New London,Satellite,
CT,Watertown,Waterbury,Satellite,
CT,Weatogue,Hartford,Satellite,
CT,West Hartford,Hartford,Satellite,
CT,West Haven,New Haven,Satellite,
CT,Westbrook,New Haven,Rural,
CT,Westport,Norwalk,Satellite,
CT,Wethersfield,Hartford,Satellite,
CT,Willimantic,Willimantic,Core,
CT,Wilton,Norwalk,Satellite,
CT,Windsor Locks,Hartford,Satellite,
CT,Winsted,Torrington,Rural,
CT,Woodbury,Waterbury,Rural,
DE,Bethany Beach,Salisbury (MD),Rural,
DE,Camden,Dover,Satellite,
DE,Claymont,Wilmington,Satellite,
DE,Delmar,Salisbury (MD),Satellite,
DE,Dewey Beach,Salisbury (MD),Rural,
DE,Dover,Dover,Core,
DE,Fenwick Island,Salisbury (MD),Rural,
DE,Georgetown,Salisbury (MD),Rural,
DE,Harrington,Dover,Rural,
DE,Hockessin,Wilmington,Satellite,
DE,Lewes,Salisbury (MD),Rural,
DE,Magnolia,Dover,Satellite,
DE,Middletown,Wilmington,Satellite,
DE,Milford,Dover,Satellite,
DE,Millsboro,Salisbury (MD),Rural,
DE,Millville,Salisbury (MD),Rural,
DE,New Castle,Wilmington,Satellite,
DE,Newark,Wilmington,Core,
DE,Ocean View,Salisbury (MD),Rural,
DE,Rehoboth Beach,Salisbury (MD),Rural,
DE,Seaford,Salisbury (MD),Rural,
DE,Selbyville,Salisbury (MD),Rural,
DE,Smyrna,Dover,Satellite,
DE,Wilmington,Wilmington,Core,
DC,Washington,Washington DC,Core,
FL,Alachua,Gainesville,Satellite,
FL,Altamonte Springs,Orlando,Satellite,
FL,Apollo Beach,Tampa,Satellite,
FL,Apopka,Orlando,Satellite,
FL,Asbury Lake,Jacksonville,Satellite,
FL,Atlantic Beach,Jacksonville,Satellite,
FL,Auburndale,Lakeland,Satellite,
FL,Aventura,Miami,Satellite,
FL,Avon Park,Sebring,Rural,
FL,Bal Harbour,Miami,Satellite,
FL,Barefoot Bay,Melbourne,Satellite,
FL,Bartow,Lakeland,Satellite,
FL,Bay Harbor Islands,Miami,Satellite,
FL,Belle Glade,West Palm Beach,Rural,
FL,Belle Isle,Orlando,Satellite,
FL,Belleair Bluffs,Tampa,Satellite,
FL,Belleview,Ocala,Satellite,
FL,Beverly Hills,Citrus County,Rural,
FL,Boca Raton,West Palm Beach,Core,
FL,Bonita Springs,Fort Myers,Satellite,
FL,Boynton Beach,West Palm Beach,Satellite,
FL,Bradenton,Sarasota,Core,
FL,Bradenton Beach,Sarasota,Satellite,
FL,Brandon,Tampa,Satellite,
FL,Brooksville,Tampa,Rural,
FL,Bunnell,Daytona Beach,Rural,
FL,Cabana Colony,West Palm Beach,Satellite,
FL,Callahan,Jacksonville,Rural,
FL,Cantonment,Pensacola,Satellite,
FL,Cape Canaveral,Melbourne,Satellite,
FL,Cape Coral,Fort Myers,Core,
FL,Casselberry,Orlando,Satellite,
FL,Chipley,Panama City,Rural,
FL,Chuluota,Orlando,Rural,
FL,Clearwater,Tampa,Core,
FL,Clermont,Orlando,Satellite,
FL,Clewiston,Fort Myers,Rural,
FL,Cocoa,Melbourne,Satellite,
FL,Cocoa Beach,Melbourne,Satellite,
FL,Coconut Creek,Fort Lauderdale,Satellite,
FL,Cooper City,Fort Lauderdale,Satellite,
FL,Coral Gables,Miami,Core,
FL,Coral Springs,Fort Lauderdale,Core,
FL,Crestview,Fort Walton Beach,Satellite,
FL,Crystal River,Citrus County,Rural,
FL,Cutler Bay,Miami,Satellite,
FL,Dade City,Tampa,Rural,
FL,Davenport,Orlando,Satellite,
FL,Davie,Fort Lauderdale,Satellite,
FL,Daytona Beach,Daytona Beach,Core,
FL,Daytona Beach Shores,Daytona Beach,Satellite,
FL,Debary,Daytona Beach,Satellite,
FL,Deerfield Beach,Fort Lauderdale,Satellite,
FL,Deland,Daytona Beach,Satellite,
FL,Delray Beach,West Palm Beach,Satellite,
FL,Deltona,Daytona Beach,Core,
FL,Destin,Fort Walton Beach,Core,
FL,Doral,Miami,Satellite,
FL,Dundee,Lakeland,Rural,
FL,Dunedin,Tampa,Satellite,
FL,Eagle Lake,Lakeland,Satellite,
FL,East Palatka,St. Augustine,Rural,
FL,Eatonville,Orlando,Satellite,
FL,Edgewater,Daytona Beach,Satellite,
FL,Edgewood,Orlando,Satellite,
FL,El Portal,Miami,Satellite,
FL,Ellenton,Sarasota,Satellite,
FL,Englewood,Sarasota,Rural,
FL,Estero,Fort Myers,Satellite,
FL,Eustis,Orlando,Rural,
FL,Fellsmere,Sebastian,Rural,
FL,Fern Park,Orlando,Satellite,
FL,Fernandina Beach,Jacksonville,Satellite,
FL,Flagler Beach,Daytona Beach,Satellite,
FL,Fleming Island,Jacksonville,Satellite,
FL,Florida City,Miami,Satellite,
FL,Fort Lauderdale,Fort Lauderdale,Core,
FL,Fort Myers,Fort Myers,Core,
FL,Fort Pierce,Port St. Lucie,Core,
FL,Fort Walton Beach,Fort Walton Beach,Core,
FL,Fruitland Park,The Villages,Satellite,
FL,Gainesville,Gainesville,Core,
FL,Gibsonton,Tampa,Satellite,
FL,Gotha,Orlando,Satellite,
FL,Green Cove Springs,Jacksonville,Satellite,
FL,Greenacres,West Palm Beach,Satellite,
FL,Groveland,Orlando,Rural,
FL,Gulf Breeze,Pensacola,Satellite,
FL,Gulfport,Tampa,Satellite,
FL,Haines City,Lakeland,Satellite,
FL,Hallandale,Fort Lauderdale,Satellite,
FL,Hallandale Beach,Fort Lauderdale,Satellite,
FL,Havana,Tallahassee,Rural,
FL,Haverhill,West Palm Beach,Satellite,
FL,Hernando,Citrus County,Rural,
FL,Hernando Beach,Tampa,Rural,
FL,Hialeah,Miami,Core,
FL,Hialeah Gardens,Miami,Satellite,
FL,Hobe Sound,Port St. Lucie,Satellite,
FL,Holiday,Tampa,Satellite,
FL,Holly Hill,Daytona Beach,Satellite,
FL,Hollywood,Fort Lauderdale,Core,
FL,Holmes Beach,Sarasota,Satellite,
FL,Homestead,Miami,Core,
FL,Homosassa,Citrus County,Rural,
FL,Hudson,Tampa,Satellite,
FL,Immokalee,Fort Myers,Rural,
FL,Indialantic,Melbourne,Satellite,
FL,Indian Harbour Beach,Melbourne,Satellite,
FL,Indian River Shores,Vero Beach,Satellite,
FL,Indian Rocks Beach,Tampa,Satellite,
FL,Indian Shores,Tampa,Satellite,
FL,Inverness,Citrus County,Rural,
FL,Islamorada,Florida Keys,Rural,
FL,Jacksonville,Jacksonville,Core,
FL,Jacksonville Beach,Jacksonville,Satellite,
FL,Jensen Beach,Port St. Lucie,Satellite,
FL,Juno Beach,West Palm Beach,Satellite,
FL,Jupiter,West Palm Beach,Core,
FL,Kenneth City,Tampa,Satellite,
FL,Key Biscayne,Miami,Satellite,
FL,Key Largo,Florida Keys,Rural,
FL,Key West,Florida Keys,Core,
FL,Kissimmee,Orlando,Core,
FL,Labelle,Fort Myers,Rural,
FL,Lady Lake,The Villages,Satellite,
FL,Lake Alfred,Lakeland,Satellite,
FL,Lake Buena Vista,Orlando,Satellite,
FL,Lake City,Lake City,Core,
FL,Lake Mary,Orlando,Satellite,
FL,Lake Park,West Palm Beach,Satellite,
FL,Lake Placid,Sebring,Rural,
FL,Lake Wales,Lakeland,Rural,
FL,Lake Worth,West Palm Beach,Satellite,
FL,Lakeland,Lakeland,Core,
FL,Land O Lakes,Tampa,Satellite,
FL,Lantana,West Palm Beach,Satellite,
FL,Largo,Tampa,Satellite,
FL,Lauderdale Lakes,Fort Lauderdale,Satellite,
FL,Lauderhill,Fort Lauderdale,Satellite,
FL,Lecanto,Citrus County,Rural,
FL,Leesburg,The Villages,Core,
FL,Lehigh Acres,Fort Myers,Satellite,
FL,Lighthouse Point,Fort Lauderdale,Satellite,
FL,Lithia,Tampa,Satellite,
FL,Longboat Key,Sarasota,Satellite,
FL,Longwood,Orlando,Satellite,
FL,Loxahatchee,West Palm Beach,Rural,
FL,Lutz,Tampa,Satellite,
FL,Lynn Haven,Panama City,Satellite,
FL,Macclenny,Jacksonville,Rural,
FL,Madeira Beach,Tampa,Satellite,
FL,Maitland,Orlando,Satellite,
FL,Malabar,Melbourne,Rural,
FL,Marco Island,Naples,Core,
FL,Margate,Fort Lauderdale,Satellite,
FL,Marianna,Panama City,Rural,
FL,Mary Esther,Fort Walton Beach,Satellite,
FL,Medley,Miami,Satellite,
FL,Melbourne,Melbourne,Core,
FL,Melbourne Beach,Melbourne,Satellite,
FL,Merritt Island,Melbourne,Satellite,
FL,Miami,Miami,Core,
FL,Miami Beach,Miami,Core,
FL,Miami Gardens,Miami,Satellite,
FL,Miami Lakes,Miami,Satellite,
FL,Miami Shores,Miami,Satellite,
FL,Miami Springs,Miami,Satellite,
FL,Middleburg,Jacksonville,Rural,
FL,Midway,Tallahassee,Rural,
FL,Milton,Pensacola,Satellite,
FL,Mims,Melbourne,Rural,
FL,Minneola,Orlando,Satellite,
FL,Miramar,Fort Lauderdale,Satellite,
FL,Miramar Beach,Fort Walton Beach,Satellite,
FL,Montverde,Orlando,Rural,
FL,Mount Dora,Orlando,Satellite,
FL,Mulberry,Lakeland,Satellite,
FL,Naples,Naples,Core,
FL,Navarre,Pensacola,Satellite,
FL,Neptune Beach,Jacksonville,Satellite,
FL,New Port Richey,Tampa,Satellite,
FL,New Smyrna Beach,Daytona Beach,Core,
FL,Newberry,Gainesville,Rural,
FL,Niceville,Fort Walton Beach,Satellite,
FL,Nokomis,Sarasota,Satellite,
FL,North Bay Village,Miami,Satellite,
FL,North Fort Myers,Fort Myers,Satellite,
FL,North Lauderdale,Fort Lauderdale,Satellite,
